t_s,mcu_ms,state,control_phase,phase_name,friction_mode,friction_name,position_mm,velocity_mm_s,reference_position_mm,reference_velocity_mm_s,desired_accel_mm_s2,raw_lever_deg,actual_lever_deg,vision_age_ms,confidence,control_flags
0.000,18404,10,0,hold,3,stopped,0.000,0.000,0.000,0.000,0.000,0.000,-0.010,nan,0,4098
3.940,22344,10,5,edge_recovery,0,motion,118.600,-2.000,0.000,0.000,-220.000,1.150,-0.010,28.0,80,4101
4.020,22424,10,0,hold,3,stopped,118.200,-9.000,0.000,0.000,0.000,-1.340,-0.010,84.0,79,4098
4.040,22444,10,5,edge_recovery,0,motion,118.300,-6.000,0.000,0.000,-220.000,1.150,-0.010,45.0,78,4102
4.080,22484,5,5,edge_recovery,0,motion,118.500,-3.000,0.000,0.000,-220.000,1.150,-0.010,17.0,79,4101
4.310,22714,6,5,edge_recovery,0,motion,120.800,1.000,118.900,-28.000,-220.000,1.130,0.530,84.0,73,4098
4.320,22724,6,0,hold,3,stopped,120.700,-3.000,118.900,-28.000,0.000,-1.370,1.200,94.0,73,4130
4.420,22824,6,5,edge_recovery,0,motion,118.000,-61.000,118.900,-28.000,-220.000,1.240,1.000,36.0,84,4134
4.520,22924,5,5,edge_recovery,0,motion,116.000,-47.000,110.700,-30.000,-220.000,1.230,-0.210,20.0,72,4101
5.140,23544,5,2,track,0,motion,105.700,-53.000,99.000,-30.000,252.000,-2.540,1.250,17.0,57,4129
5.800,24204,5,1,accel,0,motion,65.400,-33.000,61.700,-29.000,-64.000,0.490,-0.460,19.0,68,4129
5.920,24324,5,2,track,0,motion,63.800,-23.000,60.700,-30.000,7.000,-0.080,-0.240,37.0,75,4226
5.980,24384,5,1,accel,0,motion,63.400,-20.000,60.300,-28.000,-60.000,0.480,0.520,24.0,69,4129
6.200,24604,5,2,track,0,motion,61.200,-19.000,58.100,-30.000,14.000,-0.110,0.970,59.0,71,4098
6.220,24624,5,1,accel,0,motion,60.800,-17.000,57.900,-29.000,-60.000,0.500,1.040,26.0,71,4129
6.400,24804,5,2,track,0,motion,56.700,-21.000,53.400,-30.000,19.000,-0.100,0.430,24.0,74,4225
6.520,24924,5,1,accel,0,motion,52.900,-32.000,49.200,-30.000,-11.000,0.200,0.260,24.0,77,4129
6.620,25024,5,2,track,0,motion,49.900,-32.000,46.000,-30.000,32.000,-0.120,-0.030,25.0,78,4257
6.740,25144,5,1,accel,0,motion,47.800,-26.000,44.200,-28.000,-73.000,0.770,0.210,13.0,74,4129
7.240,25644,5,2,track,0,motion,42.200,-20.000,39.000,-30.000,15.000,0.100,1.190,41.0,79,4098
7.300,25704,5,1,accel,0,motion,40.700,-22.000,37.600,-27.000,-59.000,0.740,1.190,23.0,80,4129
7.440,25844,5,2,track,0,motion,37.300,-26.000,32.900,-30.000,37.000,-0.020,0.110,13.0,84,4225
7.480,25884,5,1,accel,0,motion,37.000,-20.000,33.800,-29.000,-60.000,0.780,0.110,42.0,80,4130
7.940,26344,5,2,track,0,motion,30.900,-24.000,27.500,-30.000,41.000,0.020,1.350,17.0,81,4097
8.420,26824,5,1,accel,0,motion,13.100,-30.000,9.800,-26.000,-63.000,1.090,-0.180,18.0,87,4097
8.980,27384,5,4,overspeed,0,motion,4.000,-39.000,0.000,-24.000,350.000,-2.000,1.190,42.0,80,4402
9.300,27704,5,1,accel,0,motion,-10.600,-37.000,-12.500,5.000,114.000,-1.480,-2.220,35.0,88,4130
9.500,27904,5,4,overspeed,0,motion,-2.700,25.000,0.600,27.000,-350.000,2.220,-2.430,19.0,89,4353
10.000,28404,5,1,accel,0,motion,34.900,35.000,36.600,-4.000,-114.000,1.020,1.840,38.0,81,4130
10.260,28664,5,2,track,0,motion,27.200,-35.000,22.300,-30.000,90.000,-0.330,1.290,20.0,83,4097
10.580,28984,5,1,accel,0,motion,13.200,-51.000,7.400,-30.000,107.000,-0.300,0.020,31.0,86,4098
11.360,29764,5,4,overspeed,0,motion,5.000,-27.000,2.000,-30.000,350.000,-2.240,1.620,27.0,82,4353
11.780,30184,5,1,accel,0,motion,-13.400,-39.000,-15.500,4.000,117.000,-1.120,-2.220,30.0,88,4129
12.040,30444,5,4,overspeed,0,motion,-3.800,29.000,0.300,30.000,-350.000,2.000,-1.290,31.0,84,4370
12.560,30964,5,1,accel,0,motion,38.900,33.000,40.400,-6.000,-117.000,1.180,1.820,20.0,82,4129
12.840,31244,5,2,track,0,motion,32.700,-28.000,28.600,-30.000,56.000,-0.120,1.320,52.0,82,4098
13.140,31544,5,1,accel,0,motion,14.800,-65.000,7.500,-30.000,132.000,-0.510,-0.440,14.0,88,4225
13.200,31604,5,2,track,0,motion,13.400,-47.000,8.500,-30.000,22.000,0.400,-0.440,40.0,84,4130
13.220,31624,5,1,accel,0,motion,13.300,-41.000,9.000,-28.000,-65.000,1.110,-0.330,24.0,83,4129
13.700,32104,5,1,accel,1,breakaway,11.400,2.000,10.300,-18.000,0.000,0.880,1.760,30.0,82,6177
13.740,32144,5,1,accel,0,motion,10.600,-6.000,9.000,-20.000,-121.000,1.580,1.670,34.0,82,4130
13.900,32304,5,4,overspeed,0,motion,4.500,-28.000,1.100,-22.000,350.000,-2.240,1.120,25.0,83,4385
14.120,32524,5,1,accel,0,motion,-5.000,-32.000,-6.400,6.000,117.000,-1.580,-1.720,36.0,91,4130
14.160,32564,5,4,overspeed,0,motion,-6.600,-47.000,-9.700,-7.000,350.000,-2.000,-2.310,40.0,88,4402
14.200,32604,5,1,accel,0,motion,-5.500,-30.000,-6.700,6.000,118.000,-1.550,-2.310,18.0,88,4129
14.300,32704,5,4,overspeed,0,motion,-0.700,25.000,-1.900,17.000,-350.000,2.190,-1.910,29.0,90,4353
14.880,33284,5,1,accel,0,motion,41.500,33.000,43.000,-6.000,-116.000,1.140,1.760,25.0,81,4129
15.180,33584,5,2,track,0,motion,35.400,-26.000,31.500,-30.000,48.000,-0.090,1.280,23.0,83,4097
15.720,34124,5,1,accel,0,motion,17.000,-30.000,13.600,-27.000,-63.000,1.040,0.160,26.0,84,4129
16.260,34664,5,2,track,0,motion,14.100,-19.000,11.000,-30.000,12.000,0.450,1.540,43.0,82,4098
16.340,34744,5,1,accel,0,motion,10.800,-33.000,6.400,-30.000,97.000,-0.200,1.250,45.0,81,4130
16.440,34844,5,4,overspeed,0,motion,5.900,-42.000,1.300,-29.000,350.000,-2.000,-0.070,31.0,83,4402
16.580,34984,5,6,capture,2,capture,-0.600,-39.000,-3.000,-1.000,0.000,0.030,-1.560,20.0,90,5153
16.600,35004,5,1,accel,0,motion,-0.600,-33.000,-2.900,4.000,54.000,-0.830,-1.560,15.0,90,4129
16.660,35064,5,6,capture,2,capture,-2.100,-31.000,-3.500,0.000,0.000,0.040,-2.220,25.0,90,5121
16.740,35144,5,0,hold,3,stopped,-0.400,-7.000,-0.500,0.000,0.000,0.010,-1.580,25.0,91,4097
16.780,35184,5,6,capture,2,capture,1.700,7.000,1.300,2.000,0.000,-0.020,-1.580,28.0,90,5121
16.820,35224,5,4,overspeed,0,motion,3.300,11.000,4.000,3.000,-350.000,2.000,-1.580,31.0,88,4402
17.240,35644,5,1,accel,0,motion,25.700,34.000,27.400,-5.000,-114.000,1.300,1.970,38.0,82,4130
17.500,35904,5,2,track,0,motion,19.200,-25.000,15.400,-30.000,42.000,0.150,1.470,34.0,83,4098
17.620,36024,5,1,accel,0,motion,14.500,-33.000,10.800,-29.000,-62.000,1.070,0.510,42.0,81,4130
17.700,36104,5,4,overspeed,0,motion,9.300,-54.000,3.000,-30.000,350.000,-2.000,0.510,44.0,83,4402
17.920,36324,5,6,capture,2,capture,-0.100,-42.000,-2.700,-3.000,0.000,0.030,-0.890,31.0,87,5154
17.960,36364,5,1,accel,0,motion,-1.100,-31.000,-2.500,7.000,33.000,-0.920,-0.890,34.0,89,4130
17.980,36384,5,2,track,0,motion,-1.300,-29.000,-2.400,7.000,-4.000,-0.610,-0.890,28.0,89,4097
18.020,36424,5,6,capture,2,capture,-1.900,-31.000,-3.400,5.000,0.000,0.040,-0.890,17.0,91,5121
18.040,36444,5,2,track,0,motion,-2.500,-24.000,-3.300,3.000,-4.000,-0.210,-2.220,37.0,91,4130
18.060,36464,5,6,capture,2,capture,-2.200,-19.000,-2.700,2.000,0.000,0.030,-2.220,32.0,92,5122
18.200,36604,5,0,hold,3,stopped,0.900,7.000,1.300,3.000,0.000,-0.020,-1.900,24.0,86,4097
18.220,36624,5,4,overspeed,0,motion,2.300,21.000,1.400,3.000,-350.000,2.180,-0.270,30.0,87,4385
18.620,37024,5,1,accel,0,motion,23.000,36.000,25.900,-5.000,-116.000,0.990,2.050,14.0,82,4129
18.880,37284,5,2,track,0,motion,16.800,-25.000,13.100,-30.000,39.000,0.200,1.440,32.0,86,4098
18.940,37344,5,1,accel,0,motion,13.100,-41.000,7.300,-30.000,119.000,-0.400,1.290,16.0,83,4225
19.040,37444,5,4,overspeed,0,motion,6.900,-63.000,3.600,-28.000,350.000,-2.230,0.250,27.0,82,4385
19.220,37624,5,6,capture,2,capture,-0.600,-41.000,-4.200,-2.000,0.000,0.030,-2.320,17.0,91,5153
19.240,37644,5,1,accel,0,motion,-0.500,-33.000,-3.100,3.000,55.000,-1.090,-2.320,13.0,91,4097
19.280,37684,5,4,overspeed,0,motion,-3.300,-50.000,-6.900,-13.000,350.000,-2.000,-2.320,41.0,87,4402
19.380,37784,5,1,accel,0,motion,-1.800,-17.000,-2.400,6.000,58.000,-1.130,-1.900,27.0,86,4129
19.400,37804,5,4,overspeed,0,motion,-0.600,-7.000,-0.300,11.000,-350.000,2.230,-1.900,22.0,86,4385
20.020,38424,5,1,accel,0,motion,39.300,25.000,41.500,-8.000,-100.000,1.040,1.870,28.0,81,4129
20.160,38564,5,2,track,0,motion,36.200,-14.000,33.100,-30.000,22.000,0.110,2.090,25.0,81,4097
20.220,38624,5,1,accel,0,motion,33.500,-27.000,31.000,-28.000,-37.000,0.640,2.090,13.0,82,4097
20.240,38644,5,2,track,0,motion,33.000,-29.000,29.200,-30.000,6.000,0.290,1.720,33.0,82,4130
20.640,39044,5,1,accel,0,motion,11.800,-46.000,6.900,-30.000,100.000,-0.230,-0.080,28.0,86,4129
21.500,39904,5,4,overspeed,0,motion,2.400,-31.000,0.500,-11.000,350.000,-2.230,1.160,16.0,84,4385
21.700,40104,5,1,accel,0,motion,-4.300,-22.000,-7.800,3.000,62.000,-1.140,-1.260,30.0,90,4129
21.900,40304,5,2,track,0,motion,-1.700,4.000,-0.800,6.000,-3.000,-0.640,-2.660,25.0,88,4129
21.920,40324,5,6,capture,2,capture,-1.100,4.000,-0.500,4.000,0.000,0.000,-1.790,33.0,85,5154
21.940,40344,5,4,overspeed,0,motion,0.600,13.000,-0.400,4.000,-350.000,2.210,-1.790,16.0,84,4385
22.500,40904,5,1,accel,0,motion,43.900,30.000,45.000,-8.000,-117.000,1.130,1.770,27.0,82,4129
22.780,41184,5,2,track,0,motion,38.800,-20.000,35.600,-30.000,15.000,0.140,1.320,22.0,84,4097
23.220,41624,5,1,accel,0,motion,22.700,-33.000,18.900,-30.000,-39.000,0.780,-0.310,43.0,87,4130
23.860,42264,5,2,track,0,motion,18.500,-20.000,15.300,-30.000,18.000,0.350,1.470,31.0,81,4098
23.960,42364,5,1,accel,0,motion,15.100,-29.000,11.500,-29.000,-60.000,1.040,1.280,30.0,80,4129
24.060,42464,5,4,overspeed,0,motion,9.500,-49.000,3.600,-30.000,350.000,-2.000,0.420,45.0,82,4370
24.340,42744,5,1,accel,0,motion,-1.900,-33.000,-4.500,4.000,69.000,-1.050,-1.910,33.0,89,4130
24.460,42864,5,2,track,0,motion,-3.200,-18.000,-3.200,8.000,-7.000,-0.580,-2.470,34.0,89,4130
24.500,42904,5,1,accel,0,motion,-3.300,-21.000,-4.100,0.000,56.000,-0.420,-2.470,41.0,88,4098
24.520,42924,5,6,capture,2,capture,-2.500,-15.000,-2.900,0.000,0.000,0.030,-1.920,23.0,86,5153
24.540,42944,5,2,track,0,motion,-0.600,-2.000,-3.000,0.000,-35.000,-0.060,-1.920,18.0,85,4097
24.580,42984,5,6,capture,2,capture,0.700,7.000,1.300,4.000,0.000,-0.010,-1.920,45.0,86,5122
24.600,43004,5,4,overspeed,0,motion,2.600,16.000,4.200,10.000,-350.000,2.180,-1.920,29.0,85,4385
25.060,43464,5,1,accel,0,motion,33.600,32.000,36.300,-6.000,-107.000,1.160,2.040,17.0,82,4129
25.260,43664,5,2,track,0,motion,27.200,-28.000,23.900,-30.000,58.000,-0.070,1.450,15.0,84,4097
25.540,43944,5,1,accel,0,motion,12.100,-57.000,6.000,-30.000,143.000,-0.580,-0.260,32.0,88,4130
26.040,44444,5,4,overspeed,0,motion,8.600,1.000,8.900,4.000,-350.000,2.000,0.890,32.0,82,4370
26.120,44524,5,1,accel,0,motion,8.300,1.000,8.300,-8.000,-124.000,1.610,0.670,40.0,82,4130
26.520,44924,5,4,overspeed,0,motion,3.400,-22.000,0.400,-28.000,350.000,-2.000,1.070,46.0,81,4370
26.660,45064,5,1,accel,0,motion,-0.300,-23.000,-1.600,5.000,99.000,-1.140,0.750,38.0,82,4130
26.780,45184,5,2,track,0,motion,-1.900,-14.000,-1.200,11.000,11.000,-0.750,-0.580,17.0,90,4129
26.840,45244,5,6,capture,2,capture,-2.700,-12.000,-3.000,2.000,0.000,0.030,-1.570,22.0,90,5121
26.940,45344,5,0,hold,3,stopped,-1.400,1.000,-1.000,3.000,0.000,0.010,-1.220,25.0,91,4097
26.980,45384,5,6,capture,2,capture,0.200,10.000,-0.200,3.000,0.000,-0.010,-1.220,16.0,91,5121
27.020,45424,5,4,overspeed,0,motion,1.800,16.000,3.100,6.000,-350.000,2.000,-0.060,31.0,86,4402
27.320,45724,5,1,accel,0,motion,16.400,37.000,18.200,-5.000,-112.000,1.400,1.830,30.0,83,4129
27.640,46044,5,4,overspeed,0,motion,9.100,-38.000,3.900,-30.000,350.000,-2.000,1.420,32.0,82,4370
28.000,46404,5,1,accel,0,motion,-7.600,-35.000,-9.300,3.000,114.000,-1.140,-2.230,26.0,90,4129
28.020,46424,5,4,overspeed,0,motion,-9.100,-48.000,-12.400,-8.000,350.000,-2.000,-2.200,35.0,89,4402
28.080,46484,5,1,accel,0,motion,-9.400,-30.000,-10.600,6.000,119.000,-1.540,-2.200,32.0,89,4130
28.200,46604,5,4,overspeed,0,motion,-4.400,22.000,-0.800,30.000,-350.000,2.240,-1.970,27.0,91,4385
28.780,47184,5,1,accel,0,motion,35.800,36.000,37.600,-3.000,-114.000,0.760,1.890,43.0,81,4130
29.020,47424,5,2,track,0,motion,29.000,-29.000,25.300,-30.000,61.000,-0.110,1.630,15.0,84,4097
29.300,47704,5,1,accel,0,motion,14.000,-64.000,7.000,-30.000,182.000,-0.910,-0.100,31.0,86,4130
30.220,48624,5,4,overspeed,0,motion,2.600,-30.000,-0.100,-14.000,350.000,-2.230,1.360,26.0,85,4385
30.420,48824,5,1,accel,0,motion,-6.200,-33.000,-7.800,5.000,116.000,-1.420,-1.030,24.0,90,4129
30.640,49044,5,4,overspeed,0,motion,-1.600,21.000,-1.400,11.000,-350.000,2.220,-0.580,12.0,87,4385
31.060,49464,5,1,accel,0,motion,20.500,31.000,21.800,-9.000,-119.000,1.410,2.210,35.0,82,4130
31.360,49764,5,4,overspeed,0,motion,10.200,-43.000,4.400,-30.000,350.000,-2.280,1.480,14.0,83,4353
31.820,50224,5,1,accel,0,motion,-9.900,-28.000,-10.800,10.000,118.000,-1.530,-2.210,22.0,88,4129
32.000,50404,5,4,overspeed,0,motion,-4.000,23.000,-0.500,30.000,-350.000,2.000,-2.220,41.0,89,4402
32.520,50924,5,1,accel,0,motion,34.600,31.000,36.500,-8.000,-119.000,1.250,1.920,29.0,82,4129
32.700,51104,5,2,track,0,motion,30.900,-18.000,27.800,-30.000,15.000,0.230,2.130,26.0,82,4097
33.040,51444,5,1,accel,0,motion,13.200,-57.000,7.200,-30.000,113.000,-0.350,-0.590,39.0,87,4130
33.840,52244,5,4,overspeed,0,motion,3.000,-32.000,-0.200,-18.000,350.000,-2.000,0.390,41.0,82,4402
34.040,52444,5,1,accel,0,motion,-4.900,-35.000,-6.700,3.000,116.000,-1.080,-2.240,27.0,92,4129
34.160,52564,5,2,track,0,motion,-3.800,-12.000,-3.500,9.000,-4.000,-0.600,-1.860,19.0,89,4129
34.220,52624,5,4,overspeed,0,motion,-0.900,19.000,1.800,21.000,-350.000,2.000,-0.560,43.0,89,4402
34.740,53144,5,1,accel,0,motion,29.400,31.000,30.700,-8.000,-119.000,1.310,1.970,34.0,83,4130
34.920,53324,5,2,track,0,motion,24.800,-19.000,21.700,-30.000,15.000,0.300,2.060,23.0,83,4097
35.180,53584,5,1,accel,0,motion,12.200,-49.000,7.000,-30.000,96.000,-0.200,-0.120,36.0,86,4130
35.260,53664,5,4,overspeed,0,motion,8.500,-54.000,4.000,-29.000,350.000,-2.260,-0.200,28.0,88,4385
35.320,53724,5,1,accel,0,motion,6.600,-47.000,2.000,-24.000,162.000,-0.690,-0.200,27.0,88,4129
35.380,53784,5,6,capture,2,capture,5.500,-34.000,3.400,0.000,0.000,-0.040,-0.560,32.0,89,5154
35.400,53804,5,4,overspeed,0,motion,5.600,-27.000,4.300,6.000,-350.000,2.200,-0.560,28.0,89,4353
35.520,53924,5,1,accel,0,motion,6.800,-3.000,6.600,-8.000,-125.000,1.630,-1.630,21.0,84,4129
35.840,54244,5,4,overspeed,0,motion,18.800,39.000,21.200,5.000,-350.000,2.450,1.810,24.0,82,4385
35.920,54324,5,1,accel,0,motion,20.700,22.000,21.700,-4.000,-120.000,0.900,1.810,68.0,83,4130
35.940,54344,6,1,accel,0,motion,21.100,31.000,21.600,-6.000,-159.000,1.050,1.510,32.0,83,4130
36.060,54464,5,1,accel,0,motion,20.100,5.000,19.200,-14.000,-58.000,0.940,1.500,22.0,82,4097
36.280,54684,5,2,track,0,motion,14.600,-25.000,10.800,-30.000,44.000,0.190,1.310,20.0,81,4097
36.340,54744,5,1,accel,0,motion,12.000,-37.000,7.000,-30.000,127.000,-0.460,1.370,39.0,81,4130
36.480,54884,5,4,overspeed,0,motion,5.100,-52.000,0.000,0.000,350.000,-2.000,0.470,33.0,82,4402
36.660,55064,5,6,capture,2,capture,-1.800,-36.000,-3.700,2.000,0.000,0.040,-1.980,26.0,92,5153
36.680,55084,5,1,accel,0,motion,-1.500,-29.000,-2.600,7.000,18.000,-0.790,-1.980,23.0,91,4129
36.700,55104,5,2,track,0,motion,-1.900,-29.000,-2.400,9.000,16.000,-0.770,-1.980,30.0,90,4097
36.780,55184,5,6,capture,2,capture,-1.800,-19.000,-2.400,2.000,0.000,0.030,-2.220,38.0,88,5154
36.820,55224,5,4,overspeed,0,motion,0.700,1.000,-1.200,3.000,-350.000,2.420,-0.970,14.0,85,4385
37.220,55624,5,1,accel,0,motion,23.900,33.000,25.400,-6.000,-116.000,1.340,2.040,34.0,82,4130
37.500,55904,5,2,track,0,motion,17.000,-32.000,12.600,-30.000,69.000,-0.040,1.480,38.0,83,4098
37.620,56024,5,1,accel,0,motion,11.800,-42.000,7.100,-30.000,80.000,-0.070,1.310,43.0,82,4130
37.680,56084,5,4,overspeed,0,motion,8.100,-59.000,5.300,-29.000,350.000,-2.000,0.330,31.0,82,4370
37.860,56264,5,6,capture,2,capture,0.600,-39.000,-1.700,0.000,0.000,0.020,-1.930,29.0,92,5153
37.880,56284,5,1,accel,0,motion,0.700,-31.000,-0.600,6.000,46.000,-1.050,-1.930,24.0,92,4097
37.900,56304,5,2,track,0,motion,0.500,-28.000,-0.400,7.000,-4.000,-0.640,-1.930,32.0,90,4098
37.920,56324,5,4,overspeed,0,motion,0.900,-23.000,-0.300,9.000,-350.000,2.230,-2.250,14.0,93,4353
37.980,56384,5,0,hold,3,stopped,0.400,-18.000,0.000,0.000,0.000,0.000,-2.250,36.0,91,4130
38.000,56404,5,6,capture,2,capture,1.100,-14.000,-0.200,-3.000,0.000,-0.010,-2.250,18.0,89,5153
38.020,56424,5,2,track,0,motion,2.000,-6.000,0.400,-7.000,-16.000,0.570,-1.440,13.0,89,4129
38.080,56484,5,1,accel,0,motion,4.100,9.000,4.100,-7.000,14.000,0.510,-1.440,23.0,89,4097
38.100,56504,5,2,track,0,motion,6.000,20.000,3.800,-8.000,-37.000,0.320,-1.440,16.0,85,4097
38.120,56524,5,1,accel,0,motion,6.300,15.000,6.600,-5.000,-61.000,0.840,0.090,36.0,85,4130
38.140,56544,5,4,overspeed,0,motion,8.600,31.000,10.800,9.000,-350.000,2.000,0.090,43.0,85,4402
38.520,56924,5,1,accel,0,motion,29.000,33.000,30.500,-6.000,-115.000,1.280,1.970,23.0,82,4129
38.760,57164,5,2,track,0,motion,22.700,-24.000,19.100,-30.000,35.000,0.160,1.330,15.0,88,4097
38.940,57344,5,1,accel,0,motion,13.600,-54.000,7.600,-30.000,102.000,-0.260,0.060,33.0,82,4130
39.000,57404,5,4,overspeed,0,motion,10.600,-55.000,4.400,-29.000,350.000,-2.280,0.060,27.0,87,4353
39.100,57504,5,1,accel,0,motion,6.300,-50.000,1.700,-21.000,162.000,-0.690,-0.020,42.0,85,4130
39.160,57564,5,6,capture,2,capture,4.500,-37.000,2.400,-1.000,0.000,-0.030,-0.680,38.0,89,5122
39.180,57584,5,2,track,0,motion,3.400,-42.000,0.600,-10.000,-8.000,0.730,-0.680,43.0,88,4098
39.200,57604,5,1,accel,0,motion,3.200,-40.000,0.400,-13.000,54.000,0.230,-0.680,25.0,89,4129
39.300,57704,5,2,track,0,motion,3.800,-11.000,2.700,-8.000,-2.000,0.660,-1.210,30.0,88,4129
39.320,57724,5,1,accel,0,motion,3.200,-18.000,1.100,-15.000,62.000,0.150,-0.570,39.0,88,4098
39.380,57784,5,6,capture,2,capture,3.800,-9.000,2.400,-4.000,0.000,-0.030,-0.570,26.0,86,5121
39.440,57844,5,1,accel,0,motion,4.600,-1.000,4.500,-2.000,-62.000,0.460,0.050,26.0,84,4129
40.020,58424,5,4,overspeed,0,motion,5.400,-25.000,1.700,-30.000,350.000,-2.250,1.420,23.0,84,4353
40.300,58704,5,1,accel,0,motion,-6.000,-34.000,-7.600,5.000,115.000,-1.540,-1.400,39.0,91,4130
40.540,58944,5,4,overspeed,0,motion,-2.600,22.000,-1.800,23.000,-350.000,2.230,-0.980,15.0,87,4385
41.100,59504,5,1,accel,0,motion,31.800,35.000,33.500,-4.000,-115.000,1.060,1.970,16.0,82,4129
41.340,59744,5,2,track,0,motion,26.100,-23.000,22.500,-30.000,33.000,0.140,1.330,33.0,81,4098
41.540,59944,5,1,accel,0,motion,14.000,-60.000,7.300,-30.000,138.000,-0.560,-0.040,32.0,85,4098
41.900,60304,5,6,capture,2,capture,5.000,-21.000,2.000,-7.000,0.000,-0.040,-1.020,13.0,86,5121
41.940,60344,5,1,accel,0,motion,5.700,-9.000,5.300,0.000,-64.000,0.470,-0.540,30.0,84,4129
41.960,60364,5,4,overspeed,0,motion,7.000,5.000,7.600,3.000,-350.000,2.000,-0.540,37.0,84,4402
42.060,60464,5,1,accel,0,motion,10.500,21.000,11.800,-4.000,-121.000,1.040,0.350,24.0,86,4129
42.540,60944,5,4,overspeed,0,motion,6.400,-31.000,2.200,-30.000,350.000,-2.250,1.370,23.0,82,4353
42.840,61244,5,1,accel,0,motion,-8.500,-36.000,-10.300,2.000,115.000,-0.920,-2.270,23.0,89,4129
43.120,61524,5,4,overspeed,0,motion,-3.400,35.000,-2.000,27.000,-350.000,2.000,-1.020,34.0,87,4370
43.660,62064,5,1,accel,0,motion,26.900,29.000,29.700,-4.000,-87.000,1.070,1.980,27.0,82,4129
43.760,62164,5,4,overspeed,0,motion,43.000,120.000,29.000,-9.000,-350.000,1.600,2.010,14.0,72,4385
43.840,62244,5,1,accel,0,motion,46.700,34.000,48.400,-4.000,-115.000,0.750,1.770,51.0,67,4130
43.880,62284,5,4,overspeed,0,motion,58.100,129.000,70.700,29.000,-350.000,1.410,1.770,26.0,65,4385
43.940,62344,6,0,hold,3,stopped,65.200,108.000,74.400,27.000,0.000,-0.870,1.580,86.0,65,4130
47.840,66244,6,1,accel,1,breakaway,-43.300,1.000,74.400,27.000,0.000,-0.510,-1.220,12.0,67,6177
47.880,66284,6,1,accel,0,motion,-94.200,6.000,74.400,27.000,-151.000,1.640,-1.220,29.0,67,4257
48.020,66424,6,0,hold,3,stopped,-68.400,191.000,74.400,27.000,0.000,0.530,0.130,93.0,74,4130
48.260,66664,6,1,accel,1,breakaway,65.200,53.000,74.400,27.000,0.000,0.190,1.640,12.0,60,6145
48.300,66704,6,1,accel,0,motion,97.300,0.000,74.400,27.000,-74.000,0.180,1.640,40.0,55,4098
48.320,66724,6,5,edge_recovery,0,motion,106.600,-21.000,74.400,27.000,-220.000,1.310,0.600,22.0,61,4133
48.360,66764,5,5,edge_recovery,0,motion,107.600,-45.000,74.400,27.000,-220.000,1.330,0.600,26.0,58,4101
48.400,66804,5,2,track,0,motion,105.400,-52.000,98.700,-30.000,184.000,-1.990,0.600,30.0,59,4129
49.020,67424,5,1,accel,0,motion,76.300,-31.000,72.800,-28.000,-63.000,0.360,-0.570,19.0,70,4129
49.380,67784,5,2,track,0,motion,74.600,-20.000,71.200,-30.000,22.000,-0.330,0.970,18.0,67,4225
49.460,67864,5,1,accel,0,motion,72.500,-25.000,69.100,-29.000,-59.000,0.370,0.780,23.0,68,4129
49.580,67984,5,2,track,0,motion,67.700,-37.000,64.700,-30.000,80.000,-0.710,-0.080,29.0,77,4129
49.720,68124,5,1,accel,0,motion,63.400,-33.000,59.800,-27.000,-63.000,0.510,0.110,28.0,74,4129
49.840,68244,5,2,track,0,motion,61.200,-24.000,58.000,-30.000,12.000,-0.090,-0.040,22.0,73,4225
49.900,68304,5,1,accel,0,motion,60.600,-21.000,57.400,-28.000,-60.000,0.510,-0.040,46.0,75,4130
50.180,68584,5,2,track,0,motion,57.800,-18.000,54.800,-30.000,4.000,0.010,1.040,29.0,74,4129
50.240,68644,5,1,accel,0,motion,56.400,-23.000,53.200,-28.000,-60.000,0.560,0.660,35.0,77,4098
50.400,68804,5,2,track,0,motion,53.600,-20.000,50.400,-30.000,17.000,-0.050,0.120,21.0,81,4097
50.460,68864,5,1,accel,0,motion,52.700,-21.000,49.500,-28.000,-60.000,0.600,0.720,28.0,72,4129
50.580,68984,5,2,track,0,motion,49.100,-31.000,46.000,-30.000,46.000,-0.230,0.640,31.0,78,4098
50.700,69104,5,1,accel,0,motion,46.200,-30.000,42.800,-27.000,-62.000,0.690,0.750,33.0,75,4098
50.800,69204,5,2,track,0,motion,43.700,-28.000,40.100,-30.000,24.000,0.020,0.320,27.0,77,4225
50.940,69344,5,1,accel,0,motion,40.400,-30.000,36.900,-28.000,-63.000,0.770,0.360,24.0,80,4129
51.580,69984,5,2,track,0,motion,36.300,-20.000,33.000,-30.000,19.000,0.140,1.280,47.0,81,4098
52.040,70444,5,1,accel,0,motion,19.400,-31.000,15.900,-27.000,-63.000,1.020,0.180,19.0,84,4129
52.200,70604,5,2,track,0,motion,17.800,-18.000,14.800,-30.000,9.000,0.430,0.320,27.0,84,4225
52.220,70624,5,1,accel,0,motion,17.700,-16.000,14.900,-29.000,-60.000,1.000,1.360,24.0,83,4129
52.480,70884,5,2,track,0,motion,14.800,-22.000,11.400,-30.000,26.000,0.330,1.460,52.0,82,4098
52.560,70964,5,1,accel,0,motion,12.200,-26.000,8.600,-30.000,-60.000,1.070,1.360,20.0,81,4129
52.640,71044,5,4,overspeed,0,motion,8.000,-42.000,3.100,-30.000,350.000,-2.260,0.500,22.0,83,4385
52.840,71244,5,6,capture,2,capture,-1.200,-38.000,-3.400,1.000,0.000,0.040,-0.800,40.0,84,5154
52.860,71264,5,4,overspeed,0,motion,-2.900,-53.000,-6.700,-13.000,350.000,-2.000,-0.800,44.0,83,4402
52.940,71344,5,1,accel,0,motion,-4.900,-36.000,-6.700,3.000,116.000,-1.150,-2.180,52.0,90,4130
53.080,71484,5,2,track,0,motion,-4.100,-11.000,-3.700,9.000,-2.000,-0.620,-2.610,41.0,87,4098
53.120,71524,5,4,overspeed,0,motion,-0.800,11.000,0.900,16.000,-350.000,2.220,-2.610,19.0,84,4385
53.640,72044,5,1,accel,0,motion,34.800,31.000,36.100,-8.000,-119.000,1.250,1.830,31.0,82,4130
53.860,72264,5,2,track,0,motion,28.700,-23.000,25.200,-30.000,30.000,0.140,1.320,22.0,81,4097
54.140,72544,5,1,accel,0,motion,12.600,-61.000,5.800,-30.000,177.000,-0.860,-0.220,44.0,86,4130
54.200,72604,5,4,overspeed,0,motion,9.900,-57.000,3.700,-29.000,350.000,-2.000,-0.220,42.0,87,4370
54.260,72664,5,1,accel,0,motion,7.900,-50.000,2.800,-29.000,162.000,-0.700,-0.460,25.0,88,4129
54.340,72744,5,6,capture,2,capture,5.700,-37.000,3.500,-1.000,0.000,-0.040,-1.360,32.0,88,5122
54.360,72764,5,1,accel,0,motion,5.800,-30.000,4.500,2.000,21.000,-0.230,-1.360,34.0,89,4130
54.380,72784,5,4,overspeed,0,motion,6.100,-24.000,4.600,3.000,-350.000,2.740,-1.360,17.0,91,4385
54.460,72864,5,1,accel,0,motion,6.700,-7.000,6.200,-7.000,-124.000,1.630,-1.790,23.0,92,4129
54.740,73144,5,4,overspeed,0,motion,18.800,46.000,22.200,14.000,-350.000,1.970,1.540,38.0,82,4386
54.880,73284,5,1,accel,0,motion,22.200,31.000,23.600,-7.000,-136.000,1.210,1.360,30.0,83,4129
55.200,73604,5,2,track,0,motion,16.000,-29.000,12.400,-30.000,65.000,0.000,1.680,14.0,84,4097
55.260,73664,5,1,accel,0,motion,13.100,-42.000,7.500,-30.000,98.000,-0.220,1.380,39.0,82,4098
55.340,73744,5,4,overspeed,0,motion,7.800,-56.000,1.700,-29.000,350.000,-2.000,0.490,37.0,82,4402
55.580,73984,5,1,accel,0,motion,-2.600,-36.000,-4.500,2.000,104.000,-0.830,-2.320,37.0,92,4130
55.720,74124,5,4,overspeed,0,motion,-1.000,-3.000,-0.100,11.000,-350.000,2.230,-1.830,28.0,90,4385
56.260,74664,5,1,accel,0,motion,35.700,33.000,37.200,-6.000,-117.000,1.210,1.880,47.0,82,4130
56.480,74884,5,2,track,0,motion,28.500,-30.000,24.200,-30.000,65.000,-0.140,1.410,41.0,83,4098
56.820,75224,5,1,accel,0,motion,12.100,-37.000,7.300,-30.000,27.000,0.360,-0.700,13.0,88,4225
