t_s,left_rpm,right_rpm,center_speed_mps,encoder_speed_fit_mps,imu_accel_mps2,encoder_accel_raw_mps2,imu_accel_fit_mps2,imu_accel_calibrated_fit_mps2,encoder_accel_fit_mps2,fitted_accel_mps2
-0.7,0,0,0,0,-0.015,0,-0.0018273177,0.042206726,0,0.021103363
-0.69,0,0,0,0,-0.006,0,-0.0011785653,0.042745145,0,0.021372572
-0.68,0,0,0,0,0.018,0,-0.00078289107,0.043073526,0,0.021536763
-0.67,0,0,0,0,0.024,0,2.3184355e-06,0.043725194,0,0.021862597
-0.66,0,0,0,0,-0.014,0,0.0013546792,0.044847557,0,0.022423779
-0.65,0,0,0,0,-0.012,0,0.0030598489,0.046262727,0,0.023131363
-0.64,0,0,0,0,-0.001,0,0.0047607222,0.04767433,0,0.023837165
-0.63,0,0,0,0,0.001,0,0.0061081288,0.048792582,0,0.024396291
-0.62,0,0,0,0,0.009,0,0.006857758,0.049414721,0,0.02470736
-0.61,0,0,0,0,0.022,0,0.0069533739,0.049494075,0,0.024747038
-0.6,0,0,0,0,-0.001,0,0.0065217461,0.049135855,0,0.024567927
-0.59,0,0,0,0,0.01,0,0.0057782637,0.048518817,0,0.024259409
-0.58,0,0,0,0,-0.003,0,0.0049022265,0.047791769,0,0.023895884
-0.57,0,0,0,0,-0.009,0,0.0040217557,0.047061041,0,0.02353052
-0.56,0,0,0,0,-0.001,0,0.0032470769,0.046418113,0,0.023209056
-0.55,0,0,0,0,0.003,0,0.0026116622,0.045890764,0,0.022945382
-0.54,0,0,0,0,0.017,0,0.0021128594,0.045476793,0,0.022738396
-0.53,0,0,0,0,0.04,0,0.0017605575,0.045184407,0,0.022592204
-0.52,0,0,0,0,0.037,0,0.0015637635,0.045021082,0,0.022510541
-0.51,0,0,0,0,0.013,0,0.0014965481,0.044965298,0,0.022482649
-0.5,0,0,0,0,-0.001,0,0.0014983139,0.044966764,0,0.022483382
-0.49,0,0,0,0,-0.026,0,0.0014801711,0.044951707,0,0.022475853
-0.48,0,0,0,0,-0.062,0,0.0013752176,0.044864603,0,0.022432301
-0.47,0,0,0,0,-0.035,0,0.0011884298,0.044709582,0,0.022354791
-0.46,0,0,0,0,-0.005,0,0.00099287343,0.044547284,0,0.022273642
-0.45,0,0,0,0,0,0,0.00092953977,0.044494722,0,0.022247361
-0.44,0,0,0,0,0,0,0.0010998151,0.044636038,0,0.022318019
-0.43,0,0,0,0,0.024,0,0.0014817155,0.044952988,0,0.022476494
-0.42,0,0,0,0,0.04,0,0.0019573517,0.045347732,0,0.022673866
-0.41,0,0,0,0,0.025,0,0.002386824,0.045704164,0,0.022852082
-0.4,0,0,0,0,0.004,0,0.0026381681,0.045912762,0,0.022956381
-0.39,0,0,0,0,-0.015,0,0.0026849291,0.04595157,0,0.022975785
-0.38,0,0,0,0,0.007,0,0.002565388,0.045852359,0,0.02292618
-0.37,0,0,0,0,0.017,0,0.0023267258,0.045654287,0,0.022827143
-0.36,0,0,0,0,-0.023,0,0.0020008013,0.045383793,0,0.022691896
-0.35,0,0,0,1.3217202e-46,0.017,0,0.0016596533,0.045100664,-1.2779557e-45,0.022550332
-0.34,0,0,0,4.2958604e-06,0.017,0,0.0013770857,0.044866153,-4.6580873e-05,0.022409786
-0.33,0,0,0,2.3839926e-05,-0.007,0,0.0011898559,0.044710766,-0.00029551622,0.022207625
-0.32,0,0,0,5.3960272e-05,-0.018,0,0.0011977892,0.04471735,-0.00078545064,0.02196595
-0.31,0,0,0,8.1815395e-05,-0.001,0,0.0015941559,0.045046306,-0.0014553655,0.02179547
-0.3,0,0,0,9.0718084e-05,0.007,0,0.0025747406,0.045860121,-0.0021577093,0.021851206
-0.29,0,0,0,5.738714e-05,0.035,0,0.0040163384,0.047056545,-0.0025862023,0.022235171
-0.28,0,0,0,-2.7139554e-05,0.035,0,0.0054618409,0.048256209,-0.0024600818,0.022898064
-0.27,0,0,0,-0.00014331527,-0.025,0,0.0066841728,0.049270657,-0.0017420246,0.023764316
-0.26,0,0,0,-0.00026483736,-0.009,0,0.0077224924,0.050132389,-0.00051589131,0.024808249
-0.25,0,0,0,-0.00038475894,-0.045,0,0.0087179419,0.050958541,0.0012804839,0.026119512
-0.24,0,0,0,-0.00050911104,-0.027,0,0.0098671554,0.051912306,0.0038794297,0.027895868
-0.23,0,0,0,-0.00062659751,-0.007,0,0.011359979,0.053151244,0.0073833534,0.030267299
-0.22,0,0,0,-0.00072475447,0.04,0,0.013336541,0.05479165,0.011884125,0.033337887
-0.21,0,0,0,-0.00078850118,0.038,0,0.015899744,0.056918925,0.017448628,0.037183777
-0.2,0,0,0,-0.00079966595,0.089,-0.068067841,0.019159118,0.059623974,0.024095834,0.041859904
-0.19,0,0,0,-0.00074535458,0.031,-0.068067841,0.022908698,0.062735858,0.031884655,0.047310257
-0.18,0,0,0,-0.00060726331,0.056,0,0.026366501,0.065605588,0.040812854,0.053209221
-0.17,0,-4,-0.0068067841,-0.00035860791,0.048,0,0.029042697,0.067826641,0.050750813,0.059288727
-0.16,0,0,0,2.2627124e-05,0.096,0.068067841,0.031013213,0.069462029,0.061543425,0.065502727
-0.15,0,0,0,0.00052879573,0.028,0.20420352,0.033160582,0.071244192,0.073337373,0.072290783
-0.14,0,0,0,0.0011469312,0.016,0.13613568,0.036769617,0.074239434,0.086432167,0.0803358
-0.13,4,0,0.0068067841,0.0019002351,0.068,0,0.043212076,0.079586217,0.1008166,0.090201407
-0.12,4,0,0.0068067841,0.0028299338,-0.002,0.068067841,0.053138623,0.087824544,0.11619672,0.10201063
-0.11,0,0,0,0.0039556615,-0.037,0.15315264,0.06639717,0.098828194,0.13232871,0.11557845
-0.1,0,0,0,0.0052671328,-0.075,0.085084801,0.082617655,0.11229004,0.14920775,0.1307489
-0.09,4,0,0.0068067841,0.00676004,0.113,0.13613568,0.10175422,0.12817203,0.16680815,0.14749009
-0.08,9,0,0.015315264,0.0084300963,0.425,0.28928832,0.12383817,0.14650013,0.18511528,0.1658077
-0.07,4,0,0.0068067841,0.010235537,0.175,0.23823744,0.14896464,0.16735332,0.20458867,0.18597099
-0.06,4,4,0.013613568,0.012163255,0.106,0.15315264,0.17725536,0.1908326,0.22560499,0.20821879
-0.05,9,0,0.015315264,0.014263393,0.133,0.22122048,0.20857777,0.21682797,0.24797704,0.23240251
-0.04,9,0,0.015315264,0.016596035,0.134,0.23823744,0.24225552,0.24477811,0.27131554,0.25804682
-0.03,9,4,0.022122048,0.019219249,0.173,0.15315264,0.27722145,0.27379734,0.29511416,0.28445575
-0.02,9,4,0.022122048,0.022165967,0.192,0.28928832,0.31261804,0.30317399,0.31899425,0.31108412
-0.01,9,4,0.022122048,0.025436194,0.23,0.45945793,0.34770339,0.33229233,0.34286006,0.3375762
0,9,4,0.022122048,0.029021224,0.193,0.39139008,0.38220102,0.36092291,0.3666738,0.36379835
0.01,13,9,0.037437312,0.032894999,0.335,0.30630528,0.41609573,0.3890531,0.39044842,0.38975076
0.02,18,9,0.045945793,0.037035385,1.022,0.39139008,0.44944234,0.41672842,0.41392953,0.41532897
0.03,13,9,0.037437312,0.041443397,0.722,0.45945793,0.4818744,0.44364472,0.43670893,0.44017682
0.04,13,9,0.037437312,0.046126796,0.812,0.35735616,0.51274785,0.46926748,0.45826873,0.4637681
0.05,18,9,0.045945793,0.051109678,0.428,0.35735616,0.54110999,0.49280605,0.47790977,0.48535791
0.06,22,13,0.059559361,0.056416589,0.473,0.74874625,0.56633921,0.5137445,0.49502935,0.50438692
0.07,22,13,0.059559361,0.062031968,0.135,0.96996673,0.58815575,0.53185068,0.50911893,0.5204848
0.08,22,13,0.059559361,0.067851505,0.583,0.61261057,0.60609208,0.54673655,0.5200724,0.53340448
0.09,31,22,0.090189889,0.073753052,0.855,0.47647489,0.61958871,0.55793779,0.52807391,0.54300585
0.1,31,22,0.090189889,0.079663021,0.851,0.61261057,0.62803471,0.56494737,0.53343584,0.54919161
0.11,27,18,0.076576321,0.085570185,0.475,0.39139008,0.63037217,0.5668873,0.53612445,0.55150587
0.12,31,22,0.090189889,0.091407592,0.642,0.32332224,0.62586713,0.56314843,0.53643157,0.54979
0.13,31,22,0.090189889,0.097128622,0.574,0.61261057,0.6146166,0.5538113,0.53477012,0.54429071
0.14,31,27,0.098698369,0.10271851,0.432,0.76576321,0.59750708,0.53961161,0.53144987,0.53553074
0.15,36,31,0.11401363,0.10819118,0.473,0.78278017,0.57604558,0.5218001,0.5265714,0.52418575
0.16,36,31,0.11401363,0.11361827,0.629,0.69769537,0.55154207,0.50146393,0.5196416,0.51055277
0.17,40,36,0.1293289,0.11903719,0.917,0.52752577,0.52482015,0.47928663,0.51000504,0.49464584
0.18,40,36,0.1293289,0.12438605,0.486,0.37437312,0.49685702,0.45607923,0.49763865,0.47685894
0.19,40,36,0.1293289,0.12958946,0.748,0.22122048,0.46817595,0.43227598,0.48286015,0.45756807
0.2,40,40,0.13613568,0.13462019,0.335,0.13613568,0.43883267,0.40792315,0.46633869,0.43713092
0.21,40,36,0.1293289,0.13948375,0.37,0.39139008,0.40874068,0.38294894,0.44871755,0.41583325
0.22,40,40,0.13613568,0.14416049,0.107,0.57857665,0.37800295,0.35743881,0.43023568,0.39383725
0.23,40,40,0.13613568,0.14859965,0.505,0.66366145,0.34685687,0.33158978,0.41104422,0.371317
0.24,45,50,0.16166112,0.15276865,0.18,0.49349185,0.31623827,0.30617853,0.39131664,0.34874758
0.25,45,50,0.16166112,0.1566732,0.534,0.56155969,0.28762646,0.28243276,0.37111158,0.32677217
0.26,50,50,0.1701696,0.16030078,0.122,0.62962753,0.26198717,0.26115397,0.35043577,0.30579487
0.27,45,40,0.14464416,0.16364975,-0.078,0.30630528,0.23921617,0.24225566,0.32940687,0.28583127
0.28,54,54,0.18378317,0.16679559,0.122,0.28928832,0.21878756,0.22530137,0.30842482,0.26686309
0.29,50,54,0.17697639,0.16980009,0.169,0.30630528,0.19980863,0.20955021,0.28773354,0.24864188
0.3,50,54,0.17697639,0.17262841,0.019,-0.051050881,0.18086046,0.19382457,0.26744018,0.23063238
0.31,54,54,0.18378317,0.17525149,0.522,-0.068067841,0.16206542,0.17822603,0.24732113,0.21277358
0.32,45,50,0.16166112,0.177617,0.247,0.22122048,0.14470625,0.16381916,0.22708642,0.19545279
0.33,45,50,0.16166112,0.17967132,-0.032,0.068067841,0.1291542,0.15091206,0.20669116,0.17880161
0.34,54,59,0.19229165,0.1813943,0.074,0.22122048,0.11489225,0.13907566,0.18651693,0.16279629
0.35,54,54,0.18378317,0.182793,0.026,0.44244097,0.10180462,0.12821386,0.16723833,0.1477261
0.36,54,54,0.18378317,0.18393725,0.006,0.22122048,0.089885202,0.11832159,0.14958783,0.13395471
0.37,54,54,0.18378317,0.18491876,0.471,0.085084801,0.078037794,0.10848908,0.13410995,0.12129952
0.38,54,54,0.18378317,0.18581297,-0.12,0.085084801,0.065010716,0.097677536,0.12120116,0.10943935
0.39,54,59,0.19229165,0.18668193,0.222,0.085084801,0.051030714,0.08607513,0.11095741,0.098516268
0.4,54,59,0.19229165,0.18756172,0.326,0.1701696,0.037182796,0.074582344,0.10276512,0.088673732
0.41,54,54,0.18378317,0.18846798,0.231,0,0.023303982,0.063063916,0.095526668,0.079295292
0.42,54,59,0.19229165,0.18942486,-0.121,-0.1701696,0.0094841867,0.05159447,0.087724233,0.069659351
0.43,54,59,0.19229165,0.19044191,-0.045,0.15315264,-0.0042569387,0.040190314,0.078454836,0.059322575
0.44,54,54,0.18378317,0.19144066,-0.409,0.15315264,-0.01841776,0.02843784,0.067759784,0.048098812
0.45,54,54,0.18378317,0.19232172,-0.258,-0.085084801,-0.033215641,0.016156652,0.055833276,0.035994964
0.46,59,63,0.20760691,0.19296009,-0.331,0.085084801,-0.048273637,0.0036595875,0.042935568,0.023297578
0.47,54,54,0.18378317,0.1933343,0.331,0.1701696,-0.063456328,-0.0089409653,0.030017116,0.010538075
0.48,54,59,0.19229165,0.19349513,-0.153,0.01701696,-0.077965644,-0.020982664,0.017813728,-0.0015844682
0.49,59,54,0.19229165,0.19349474,-0.17,0.01701696,-0.091119142,-0.031899131,0.0070414671,-0.012428832
0.5,59,54,0.19229165,0.19338124,0.582,0.085084801,-0.10222716,-0.041118,-0.0018760012,-0.021497
0.51,59,59,0.20080013,0.19316132,-0.291,0.085084801,-0.11086136,-0.048283764,-0.0094070293,-0.028845397
0.52,54,59,0.19229165,0.1928215,-0.726,0.1701696,-0.11686456,-0.053265994,-0.016023212,-0.034644603
0.53,59,54,0.19229165,0.19237015,0.156,0,-0.11949235,-0.055446877,-0.021331624,-0.03838925
0.54,59,59,0.20080013,0.19182335,0.265,-0.089136458,-0.11753319,-0.053820908,-0.025021569,-0.039421238
0.551,59,59,0.20080013,0.19112252,-0.201,-0.27038059,-0.11072512,-0.048170699,-0.027014775,-0.037592737
0.56,54,59,0.19229165,0.1904949,-0.616,-0.54892136,-0.10303676,-0.041789907,-0.027131924,-0.034460916
0.57,54,59,0.19229165,0.18976711,0.236,-0.30630528,-0.092824635,-0.033314569,-0.025747939,-0.029531254
0.58,50,50,0.1701696,0.18904714,0.454,-0.085084801,-0.081024244,-0.023521085,-0.022598249,-0.023059667
0.59,50,50,0.1701696,0.18841695,-0.426,-0.085084801,-0.068997382,-0.013539645,-0.017992797,-0.015766221
0.6,59,59,0.20080013,0.18791493,-0.874,0.22122048,-0.05811732,-0.0045099687,-0.012130541,-0.0083202549
0.61,54,54,0.18378317,0.18757897,0.571,0.28928832,-0.048944067,0.0031031784,-0.005010567,-0.00095369429
0.62,54,59,0.19229165,0.18744953,-0.196,-0.01701696,-0.041217585,0.0095156087,0.0030744391,0.0062950239
0.63,54,59,0.19229165,0.18753955,-0.416,0,-0.034896559,0.01476161,0.011489061,0.013125335
0.64,54,50,0.17697639,0.18784618,0.27,0,-0.029994805,0.018829717,0.019737864,0.019283791
0.65,54,59,0.19229165,0.18836238,-0.09,-0.1701696,-0.026136965,0.022031449,0.027865406,0.024948427
0.66,54,59,0.19229165,0.18903812,-0.189,0.15315264,-0.022891333,0.024725093,0.035607665,0.030166379
0.67,54,54,0.18378317,0.18984366,0.575,0.23823744,-0.020645511,0.026588966,0.042283248,0.034436107
0.68,54,54,0.18378317,0.19072978,-0.001,0.085084801,-0.019905899,0.027202791,0.047308856,0.037255823
0.69,59,59,0.20080013,0.19165751,0.143,0.1701696,-0.021506357,0.025874525,0.050045387,0.037959956
0.7,54,59,0.19229165,0.19257387,-0.257,0.1701696,-0.025624007,0.022457169,0.050259357,0.036358263
0.71,59,59,0.20080013,0.19339643,0.106,0.15315264,-0.031962379,0.01719677,0.048020052,0.032608411
0.72,59,54,0.19229165,0.19408525,0.261,-0.085084801,-0.040392263,0.010200567,0.043458865,0.026829716
0.73,59,54,0.19229165,0.19465439,-0.311,-0.15315264,-0.050595691,0.0017324478,0.036969907,0.019351177
0.74,59,63,0.20760691,0.19513309,-0.652,0.085084801,-0.062566843,-0.0082027555,0.029234645,0.010515945
0.75,50,54,0.17697639,0.19551568,0.297,0.085084801,-0.076100334,-0.01943459,0.021258613,0.00091201148
0.76,59,59,0.20080013,0.19576445,0.663,-0.15315264,-0.090065753,-0.031024894,0.013852344,-0.0085862751
0.77,59,59,0.20080013,0.19581648,-0.586,5.5067062e-14,-0.10402038,-0.04260624,0.0071885918,-0.017708824
0.78,59,54,0.19229165,0.19565103,-0.959,0.15315264,-0.1178736,-0.054103429,0.0012287307,-0.026437349
0.79,54,59,0.19229165,0.1953204,0.304,0.068067841,-0.1312216,-0.065181316,-0.0036010123,-0.034391164
0.8,54,59,0.19229165,0.19487404,0.242,-0.01701696,-0.14279161,-0.074783601,-0.0069015665,-0.040842584
0.81,59,59,0.20080013,0.19440212,-0.543,0,-0.15124538,-0.081799625,-0.0085905714,-0.045195098
0.82,59,63,0.20760691,0.19396367,-0.475,0,-0.15644277,-0.086113089,-0.0085747467,-0.047343918
0.83,54,54,0.18378317,0.19358743,0.193,-0.1701696,-0.15862593,-0.08792496,-0.0071532202,-0.04753909
0.84,59,59,0.20080013,0.1932999,0.21,-0.15315264,-0.15713623,-0.086688613,-0.0044181061,-0.045553359
0.85,54,54,0.18378317,0.19315549,-0.268,-0.051050881,-0.15161163,-0.082103589,-0.0010064156,-0.041555002
0.86,54,59,0.19229165,0.19315791,-0.511,-0.15315264,-0.14228802,-0.074365654,0.0021131404,-0.036126257
0.87,59,59,0.20080013,0.19324976,0.021,-0.1701696,-0.13007872,-0.064232808,0.0045439674,-0.02984442
0.88,50,59,0.18548487,0.19338001,-0.383,0.085084801,-0.11618918,-0.052705482,0.0065887246,-0.023058379
0.89,54,54,0.18378317,0.1935041,0.139,0.085084801,-0.10108183,-0.040167457,0.0087142552,-0.015726601
0.9,54,54,0.18378317,0.193637,0.116,0.15315264,-0.084591422,-0.026481588,0.011132057,-0.0076747658
0.91,59,59,0.20080013,0.19380241,-0.57,0.23823744,-0.067927939,-0.012652084,0.013773349,0.0005606326
0.92,59,59,0.20080013,0.19402327,0.119,0.1701696,-0.052216852,0.00038699962,0.01661712,0.00850206
0.93,59,59,0.20080013,0.19437072,0.349,0.15315264,-0.038207032,0.012014154,0.019092445,0.015553299
0.94,54,59,0.19229165,0.19484055,-0.166,-0.10210176,-0.026513338,0.021719087,0.02017719,0.020948138
0.95,54,59,0.19229165,0.19539772,-0.28,-0.10210176,-0.017495287,0.029203427,0.01955224,0.024377834
0.96,63,59,0.20760691,0.19597748,-0.436,0.068067841,-0.011880592,0.033863224,0.017356152,0.025609688
0.97,54,54,0.18378317,0.19646787,0.608,0.15315264,-0.01054749,0.034969604,0.013937454,0.024453529
0.98,63,59,0.20760691,0.19678564,0.003,-0.085084801,-0.01278215,0.033114995,0.0094985944,0.021306795
0.99,54,59,0.19229165,0.19689665,-0.232,-0.23823744,-0.016946905,0.029658545,0.0042829568,0.016970751
1,63,59,0.20760691,0.19682614,0.265,-0.068067841,-0.022120509,0.025364822,-0.0012597086,0.012052557
1.01,54,54,0.18378317,0.19663236,0.07,0.01701696,-0.028185023,0.020331707,-0.0067201354,0.0068057859
1.02,54,54,0.18378317,0.19631542,0.066,0.085084801,-0.034641193,0.014973546,-0.011689253,0.0016421467
1.03,59,59,0.20080013,0.19589705,0.064,0.085084801,-0.041333561,0.0094193571,-0.015540209,-0.0030604257
1.04,59,59,0.20080013,0.19542213,0.113,0.16280295,-0.04923868,0.0028586706,-0.018069093,-0.007605211
1.051,63,59,0.20760691,0.19490974,-0.281,0.15280886,-0.06014081,-0.0061893212,-0.01905596,-0.01262264
1.06,54,59,0.19229165,0.19455536,-0.519,-0.14608712,-0.070514333,-0.014798607,-0.01827681,-0.016537708
1.07,54,59,0.19229165,0.19428649,0.292,-0.47647489,-0.082731497,-0.024937983,-0.016599175,-0.020768579
1.08,59,63,0.20760691,0.19416578,0.055,-0.23823744,-0.095174564,-0.035264843,-0.015404728,-0.025334785
1.09,54,50,0.17697639,0.1941496,-0.527,0,-0.1075311,-0.045519885,-0.01560593,-0.030562908
1.1,54,54,0.18378317,0.19414083,-0.705,0,-0.11862784,-0.054729391,-0.016733288,-0.03573134
1.11,59,54,0.19229165,0.19406645,0.461,0.15315264,-0.12733054,-0.061952015,-0.017854729,-0.039903372
1.12,59,54,0.19229165,0.1938917,-0.147,0.23823744,-0.13262214,-0.066343665,-0.018182683,-0.042263174
1.13,59,63,0.20760691,0.19361604,-0.458,0.085084801,-0.13397883,-0.067469623,-0.017434531,-0.042452077
1.14,54,59,0.19229165,0.19330194,0.144,-0.085084801,-0.13162756,-0.065518239,-0.015899116,-0.040708677
1.15,54,59,0.19229165,0.19302594,-0.118,-0.15315264,-0.1252018,-0.060185307,-0.013905292,-0.0370453
1.16,54,59,0.19229165,0.19279163,-0.254,0.01701696,-0.11467381,-0.051447827,-0.011637427,-0.031542627
1.17,54,54,0.18378317,0.19261216,0.333,0.085084801,-0.10082223,-0.039952008,-0.0087793022,-0.024365655
1.18,59,59,0.20080013,0.19249867,0.164,0,-0.084859145,-0.026703779,-0.0051178488,-0.015910814
1.19,59,59,0.20080013,0.19246824,-0.111,0.23823744,-0.068647936,-0.01324963,-0.00060496911,-0.0069272996
1.2,54,59,0.19229165,0.19249292,-0.728,0,-0.053676974,-0.00082479751,0.0040870839,0.0016311432
1.21,54,59,0.19229165,0.19254309,-0.293,-0.47647489,-0.041598306,0.0091996369,0.007996713,0.008598175
1.22,63,59,0.20760691,0.19259422,0.046,-0.39139008,-0.033316804,0.016072694,0.010955556,0.013514125
1.23,50,54,0.17697639,0.19265012,-0.132,1.7763568e-15,-0.02861765,0.019972658,0.01315576,0.016564209
1.24,50,54,0.17697639,0.1927722,0.201,0.085084801,-0.027237103,0.021118413,0.01453258,0.017825497
1.25,50,54,0.17697639,0.1930021,0.013,0.1701696,-0.029208868,0.019481989,0.014852188,0.017167089
1.26,63,59,0.20760691,0.1933548,0.297,0.47647489,-0.033924618,0.015568252,0.014156904,0.014862578
1.27,59,59,0.20080013,0.19380813,0.021,0.30630528,-0.040209589,0.010352173,0.013018129,0.011685151
1.28,59,59,0.20080013,0.19426261,0.079,-0.1701696,-0.047327764,0.004444595,0.011606547,0.0080255711
1.29,59,59,0.20080013,0.19462522,0.277,-0.23823744,-0.054901042,-0.0018406869,0.010022719,0.0040910158
1.3,54,54,0.18378317,0.19486049,-0.341,0,-0.06225061,-0.0079403048,0.0083977982,0.00022874668
1.31,54,54,0.18378317,0.19496439,-0.258,0,-0.068984158,-0.01352867,0.0070697316,-0.0032294693
1.32,59,59,0.20080013,0.19498943,0.084,0.1701696,-0.075704173,-0.019105804,0.0064108643,-0.0063474699
1.33,59,59,0.20080013,0.19501166,-0.179,0.3403392,-0.083211245,-0.02533614,0.0059298378,-0.009703151
1.34,59,59,0.20080013,0.19507373,0.01,6.0396133e-14,-0.09123228,-0.031993028,0.0047580356,-0.013617496
1.35,59,59,0.20080013,0.19512515,-0.404,-0.1701696,-0.099682981,-0.039006508,0.0025534144,-0.018226547
1.36,59,59,0.20080013,0.19507517,-0.006,0,-0.1084333,-0.04626865,-0.00054662437,-0.023407637
1.37,54,54,0.18378317,0.19489353,-0.206,-0.23823744,-0.11702182,-0.053396512,-0.0039024784,-0.028649495
1.38,59,59,0.20080013,0.19462307,-0.631,-0.40840704,-0.125133,-0.060128214,-0.0070597532,-0.033593984
1.39,59,59,0.20080013,0.19430984,0.01,-0.1701696,-0.13205592,-0.065873744,-0.0096087745,-0.037741259
1.4,50,54,0.17697639,0.19399772,0.05,1.7763568e-15,-0.13648555,-0.069550022,-0.010859139,-0.04020458
1.41,54,54,0.18378317,0.19374125,0.159,0,-0.1372501,-0.070184545,-0.01014351,-0.040164028
1.42,54,54,0.18378317,0.19353325,-0.292,0.23823744,-0.13393062,-0.067429613,-0.0076892125,-0.037559413
1.43,59,59,0.20080013,0.19332993,-0.341,0.32332224,-0.12767714,-0.062239668,-0.0040873438,-0.033163506
1.44,59,59,0.20080013,0.19310828,-0.201,0.2552544,-0.11965471,-0.055581619,0.00029364405,-0.027643988
1.45,59,59,0.20080013,0.19294776,0.444,0.1701696,-0.11113307,-0.048509268,0.0053615932,-0.021573837
1.46,54,59,0.19229165,0.19294135,-0.031,-0.1701696,-0.10358731,-0.042246819,0.010897832,-0.015674494
1.47,59,59,0.20080013,0.19313895,-0.355,-0.40840704,-0.097916103,-0.037540125,0.016705801,-0.010417162
1.48,59,59,0.20080013,0.19353759,-0.23,-0.15315264,-0.09455777,-0.034752948,0.022426851,-0.0061630486
1.49,54,54,0.18378317,0.19405665,-0.126,0.085084801,-0.093177008,-0.033607013,0.027319461,-0.0031437761
1.5,50,54,0.17697639,0.19460052,0.115,1.7763568e-15,-0.093303663,-0.033712128,0.030677956,-0.001517086
1.51,59,59,0.20080013,0.1951486,-0.242,-1.7763568e-15,-0.094669795,-0.034845921,0.031931088,-0.0014574166
1.52,59,59,0.20080013,0.19571828,-0.106,0.15315264,-0.096799568,-0.03661348,0.03053194,-0.0030407703
1.53,59,59,0.20080013,0.19630632,0.144,0.15315264,-0.099395524,-0.038767939,0.026281983,-0.0062429778
1.54,54,54,0.18378317,0.19686355,-0.117,0,-0.10167342,-0.040658429,0.019715908,-0.010471261
1.55,54,59,0.19229165,0.19731429,0.001,0,-0.10312301,-0.04186149,0.01188377,-0.01498886
1.56,59,59,0.20080013,0.19757686,-0.382,0.1701696,-0.10361,-0.042265652,0.0041010353,-0.019082308
1.57,59,59,0.20080013,0.19769314,-0.093,0.32332224,-0.10278328,-0.041579534,-0.0026675883,-0.022123561
1.58,59,59,0.20080013,0.19772288,0.061,0.068067841,-0.10074062,-0.03988427,-0.007990408,-0.023937339
1.59,59,59,0.20080013,0.19764663,-0.233,-0.1701696,-0.097403709,-0.037114874,-0.012083877,-0.024599376
1.6,63,59,0.20760691,0.19741905,0.017,-0.085084801,-0.093127222,-0.033565695,-0.015282034,-0.024423865
1.61,54,59,0.19229165,0.19701305,-0.039,0,-0.088571495,-0.029784765,-0.01784718,-0.023815973
1.62,54,59,0.19229165,0.1964646,-0.564,-0.068067841,-0.083536778,-0.025606309,-0.019857169,-0.022731739
1.63,59,59,0.20080013,0.19583918,0.108,0.01701696,-0.077667488,-0.020735217,-0.021333201,-0.021034209
1.64,59,59,0.20080013,0.19520178,-0.321,0,-0.070622048,-0.014888002,-0.022287983,-0.018587993
1.65,59,59,0.20080013,0.1946023,0.049,-0.32332224,-0.062397377,-0.0080621112,-0.022717642,-0.015389876
1.66,59,59,0.20080013,0.19409579,0.249,-0.47647489,-0.053215061,-0.00044144282,-0.022410085,-0.011425764
1.67,54,54,0.18378317,0.19371528,-0.057,-0.32332224,-0.043172189,0.0078934262,-0.021267013,-0.0066867935
1.68,54,50,0.17697639,0.19342573,0.044,-0.1701696,-0.032276215,0.016936309,-0.019556938,-0.0013103144
1.69,54,50,0.17697639,0.19316247,-0.143,0.22122048,-0.020822386,0.026442172,-0.017340221,0.0045509756
1.7,54,59,0.19229165,0.19293475,-0.197,0.37437312,-0.0095706159,0.03578034,-0.014175387,0.010802476
1.71,54,59,0.19229165,0.192803,0.343,0.22122048,0.00063930574,0.044253848,-0.0097815015,0.017236173
1.72,63,63,0.2144137,0.19280845,-0.001,0.23823744,0.0093075943,0.051447911,-0.0042625951,0.023592658
1.73,54,54,0.18378317,0.19295155,0.077,0.1701696,0.015600089,0.056670234,0.0015929182,0.029131576
1.74,54,59,0.19229165,0.19321066,-0.517,-0.051050881,0.018667227,0.059215739,0.0070323573,0.033124048
1.75,59,59,0.20080013,0.19354848,0.175,-0.051050881,0.018533267,0.059104562,0.011792615,0.035448589
1.76,59,59,0.20080013,0.19391863,0.28,0.085084801,0.016080432,0.057068884,0.015847563,0.036458224
1.77,59,59,0.20080013,0.19430317,-0.228,-0.085084801,0.012389007,0.054005263,0.018936419,0.036470841
1.78,54,59,0.19229165,0.1946949,0.256,-0.1701696,0.0083332687,0.05063929,0.020739913,0.035689601
1.79,54,59,0.19229165,0.19507341,-0.036,-0.1701696,0.0040854602,0.047113911,0.021082917,0.034098414
1.8,54,59,0.19229165,0.19536384,0.068,-0.085084801,-4.1186412e-05,0.043689088,0.019903885,0.031796487
1.81,54,59,0.19229165,0.19549949,0.179,0,-0.0042484328,0.040197373,0.017447361,0.028822367
1.82,54,59,0.19229165,0.19548244,-0.199,0.085084801,-0.0091107891,0.036161964,0.014309891,0.025235927
1.83,59,54,0.19229165,0.19535926,0.122,0.15315264,-0.014210766,0.031929346,0.011443232,0.021686289
1.84,59,54,0.19229165,0.1952161,0.041,0.068067841,-0.01913054,0.027846283,0.0098566808,0.018851482
1.85,59,59,0.20080013,0.19514976,-0.268,0.085084801,-0.023530968,0.024194241,0.010184584,0.017189413
1.86,54,63,0.19909843,0.19520593,-0.147,0.085084801,-0.027244061,0.021112639,0.012248062,0.01668035
1.87,59,54,0.19229165,0.19536987,-0.167,-0.085084801,-0.030268805,0.018602317,0.015302921,0.016952619
1.88,59,59,0.20080013,0.19560972,0.232,-0.068067841,-0.032311463,0.016907056,0.018429189,0.017668122
1.89,59,54,0.19229165,0.19591899,-0.154,0.1701696,-0.033417259,0.015989324,0.02088175,0.018435537
1.9,59,54,0.19229165,0.19626749,-0.208,0.068067841,-0.033692298,0.015761061,0.022596633,0.019178847
1.91,59,59,0.20080013,0.19667076,0.071,-0.085084801,-0.033000043,0.016335584,0.023517638,0.019926611
1.92,59,63,0.20760691,0.19706813,-0.31,0,-0.031534972,0.017551488,0.023381187,0.020466338
1.93,54,59,0.19229165,0.19740426,0.374,0,-0.029158171,0.019524064,0.022080373,0.020802218
1.94,54,59,0.19229165,0.19764311,0.249,-0.068067841,-0.024887418,0.023068485,0.020131482,0.021599983
1.95,59,54,0.19229165,0.19779042,-0.047,-0.068067841,-0.018472429,0.028392469,0.018164484,0.023278477
1.96,59,59,0.20080013,0.1978852,-0.055,0.085084801,-0.010616754,0.03491212,0.016598669,0.025755394
1.97,59,59,0.20080013,0.19797925,-0.221,0.1701696,-0.0030938585,0.041155588,0.015349987,0.028252787
1.98,54,59,0.19229165,0.19810916,-0.327,0.085084801,0.0029887477,0.046203718,0.014172668,0.030188193
1.99,59,59,0.20080013,0.19828646,0.131,0,0.0068544148,0.049411946,0.012873695,0.031142821
2,59,59,0.20080013,0.19852566,-0.315,0.085084801,0.0074536162,0.049909241,0.011012428,0.030460834
2.01,59,59,0.20080013,0.19880719,0.307,0.085084801,0.0043828901,0.047360757,0.0082361601,0.027798458
2.02,59,59,0.20080013,0.19907895,0.684,-0.1701696,-0.0023793857,0.041748549,0.0044349164,0.023091733
2.03,59,59,0.20080013,0.19927701,-0.334,-0.03403392,-0.012246489,0.033559556,-0.00012732052,0.016716117
2.04,59,59,0.20080013,0.19937259,0.202,-0.03403392,-0.024246731,0.023600209,-0.0049968025,0.0093017034
2.05,54,54,0.18378317,0.19933194,-0.494,-0.10210176,-0.037643099,0.012482178,-0.0095511859,0.0014654959
2.06,63,63,0.2144137,0.19913216,0.111,-0.01701696,-0.051438609,0.0010328859,-0.013260904,-0.006114009
2.07,54,54,0.18378317,0.19886129,-0.087,0.15315264,-0.065113661,-0.010316433,-0.01658175,-0.013449092
2.08,59,63,0.20760691,0.19860457,-0.31,0.10210176,-0.07897852,-0.02182328,-0.020603012,-0.021213146
2.09,59,54,0.19229165,0.19839497,0.378,0.03403392,-0.093259667,-0.033675614,-0.026120141,-0.029897877
2.1,59,63,0.20760691,0.19820281,-0.002,0.01701696,-0.10815308,-0.046036091,-0.032821232,-0.039428662
2.11,59,59,0.20080013,0.19799703,-0.291,-0.15315264,-0.1229058,-0.058279798,-0.039989165,-0.049134482
2.12,59,59,0.20080013,0.19773987,0.096,-0.068067841,-0.13672184,-0.069746122,-0.047417703,-0.058581912
2.13,54,59,0.19229165,0.19734353,-0.109,-0.23823744,-0.14903103,-0.079961879,-0.054556022,-0.06725895
2.14,54,59,0.19229165,0.1967465,-0.65,-0.2552544,-0.15939117,-0.088560056,-0.060747088,-0.074653572
2.15,59,59,0.20080013,0.19595525,-0.278,-0.085084801,-0.16776287,-0.095507973,-0.065446544,-0.080477258
2.16,54,54,0.18378317,0.19503398,-0.419,0.085084801,-0.1732358,-0.10005012,-0.068729214,-0.084389665
2.17,59,54,0.19229165,0.19403874,0.08,0,-0.17499062,-0.10150649,-0.071048925,-0.086277706
2.18,59,54,0.19229165,0.19301461,-0.278,0.085084801,-0.17342746,-0.10020917,-0.072592659,-0.086400917
2.19,59,59,0.20080013,0.19197907,-0.252,0.39139008,-0.16905102,-0.096577046,-0.073147187,-0.084862117
2.2,54,59,0.19229165,0.19090332,0.074,0,-0.1623707,-0.091032853,-0.071821479,-0.081427166
2.21,59,59,0.20080013,0.189797,-0.114,-0.52752577,-0.15379997,-0.083919752,-0.067853263,-0.075886507
2.22,63,63,0.2144137,0.188711,-0.001,-0.52752577,-0.1439124,-0.075713781,-0.060902862,-0.068308322
2.23,50,50,0.1701696,0.18770089,-0.159,-0.30630528,-0.13366565,-0.067209706,-0.051144526,-0.059177116
2.24,50,50,0.1701696,0.18680403,-0.377,-0.30630528,-0.12320128,-0.058525023,-0.039218793,-0.048871908
2.25,50,50,0.1701696,0.18610295,-0.051,-0.22122048,-0.11199202,-0.049222138,-0.025790501,-0.03750632
2.26,59,54,0.19229165,0.18563388,-0.364,0.30630528,-0.10035687,-0.03956579,-0.011899512,-0.025732651
2.27,59,54,0.19229165,0.18542922,-0.111,0.52752577,-0.088695291,-0.029887507,0.0017425528,-0.014072477
2.28,50,50,0.1701696,0.1855235,0.279,0.22122048,-0.077845767,-0.020883175,0.014178452,-0.0033523617
2.29,59,59,0.20080013,0.18593362,-0.121,-0.15315264,-0.068357285,-0.01300841,0.0249644,0.0059779951
2.3,54,59,0.19229165,0.18665791,0.559,-0.085084801,-0.060498682,-0.0064863296,0.033807119,0.013660395
2.31,54,59,0.19229165,0.18764672,-0.203,-0.10210176,-0.054442186,-0.0014598692,0.040621149,0.01958064
2.32,54,50,0.17697639,0.18880531,-0.264,-0.2552544,-0.049958189,0.0022615292,0.045418145,0.023839837
2.33,54,50,0.17697639,0.19001819,-0.148,0.13613568,-0.046532603,0.0051045217,0.048492757,0.026798639
2.34,54,54,0.18378317,0.19118636,-0.258,0.45945793,-0.043533135,0.0075938668,0.050217278,0.028905572
2.35,54,54,0.18378317,0.19222161,0.144,0.47647489,-0.040181721,0.010375302,0.050435684,0.030405493
2.36,63,63,0.2144137,0.19309621,-0.207,0.40840704,-0.036745376,0.013227223,0.048557126,0.030892175
2.37,59,59,0.20080013,0.19377879,-0.329,0.3403392,-0.034026695,0.015483535,0.044383724,0.02993363
2.38,59,59,0.20080013,0.19423637,0.592,-0.051050881,-0.032142866,0.017046979,0.038410659,0.027728819
2.39,59,59,0.20080013,0.19446147,-0.039,-0.30630528,-0.031005014,0.017991315,0.031537446,0.024764381
2.4,59,59,0.20080013,0.19452365,-0.078,-0.085084801,-0.029771042,0.019015425,0.025014528,0.022014977
2.41,54,59,0.19229165,0.19454063,-0.366,-0.23823744,-0.027920193,0.020551497,0.019787718,0.020169608
2.42,54,59,0.19229165,0.19453328,-0.05,-0.32332224,-0.025371972,0.022666339,0.015655306,0.019160823
2.43,59,59,0.20080013,0.19449676,0.156,-0.1701696,-0.022172577,0.025321609,0.01167515,0.01849838
2.44,54,50,0.17697639,0.19441888,0.137,-0.085084801,-0.01854539,0.028331917,0.0070428809,0.017687399
2.45,54,59,0.19229165,0.19426982,-0.208,-0.085084801,-0.014387541,0.031782635,0.002114747,0.016948691
2.46,54,54,0.18378317,0.19401813,0.097,0.15315264,-0.0099717104,0.03544746,-0.0023378962,0.016554782
2.47,54,59,0.19229165,0.19364145,-0.056,0.32332224,-0.0061913821,0.038584864,-0.0056270894,0.016478887
2.48,54,59,0.19229165,0.193218,0.016,0.2552544,-0.0035203553,0.040801626,-0.0066732009,0.017064212
2.49,59,59,0.20080013,0.19287551,0.137,0.01701696,-0.0020613617,0.042012486,-0.0048200766,0.018596205
2.5,59,59,0.20080013,0.19274011,-0.187,-0.15315264,-0.002209638,0.041889428,-0.00034180723,0.02077381
2.51,59,59,0.20080013,0.19285796,-0.111,0,-0.0040817102,0.040335741,0.0055557297,0.022945735
2.52,50,54,0.17697639,0.19318525,0.261,-0.01701696,-0.0074688494,0.037524657,0.011393906,0.024459281
2.53,59,54,0.19229165,0.19361155,-0.152,-0.03403392,-0.011231167,0.034402201,0.016098122,0.025250161
2.54,59,59,0.20080013,0.19402526,-0.153,0.1147724,-0.015055201,0.031228525,0.01918502,0.025206773
2.551,54,63,0.19909843,0.19440736,-0.243,0.22929924,-0.019809116,0.027283114,0.021127881,0.024205498
2.56,54,63,0.19909843,0.19464213,0.463,-0.06169892,-0.024392201,0.023479479,0.021854415,0.022666947
2.57,59,54,0.19229165,0.19485608,0.246,-0.39139008,-0.030667639,0.018271313,0.021553942,0.019912628
2.58,59,59,0.20080013,0.19505113,-0.266,-0.20420352,-0.038663799,0.011635069,0.020103449,0.015869259
2.59,54,54,0.18378317,0.19524593,0.23,0.10210176,-0.048580524,0.0034048933,0.017754493,0.010579693
2.6,50,54,0.17697639,0.1954421,-0.464,0.085084801,-0.059771433,-0.0058827644,0.014812708,0.0044649716
2.61,59,59,0.20080013,0.19565094,-0.309,0.1701696,-0.070578113,-0.01485154,0.011689641,-0.0015809493
2.62,59,59,0.20080013,0.19589461,-0.106,0.40840704,-0.080152762,-0.022797817,0.0087334801,-0.0070321683
2.63,59,59,0.20080013,0.19614535,0.067,0.15315264,-0.088634312,-0.0298369,0.0058439642,-0.011996468
2.64,59,59,0.20080013,0.19635811,0.222,-0.1701696,-0.096471274,-0.03634102,0.0030809403,-0.01663004
2.65,59,59,0.20080013,0.19649123,-0.258,-0.1701696,-0.10337133,-0.042067573,0.00031211274,-0.02087773
2.66,54,59,0.19229165,0.19655964,-0.155,-0.085084801,-0.1085267,-0.046346169,-0.0029981328,-0.024672151
2.67,54,59,0.19229165,0.19658169,0.211,0,-0.11174063,-0.049013494,-0.0072587178,-0.028136106
2.68,54,59,0.19229165,0.19654133,-0.117,0.085084801,-0.11294402,-0.050012223,-0.012033082,-0.031022652
2.69,59,59,0.20080013,0.19640965,-0.777,0.23823744,-0.11194374,-0.049182066,-0.016463557,-0.032822812
2.7,59,59,0.20080013,0.19615547,0.109,0,-0.10859908,-0.046406237,-0.019916543,-0.03316139
2.71,59,59,0.20080013,0.19576815,-0.033,-0.23823744,-0.10310868,-0.041849597,-0.022808723,-0.03232916
2.72,63,59,0.20760691,0.19528005,0.049,-0.1701696,-0.096527203,-0.036387437,-0.025602697,-0.030995067
2.73,50,54,0.17697639,0.19471057,-0.472,-0.1701696,-0.089712523,-0.030731737,-0.027959108,-0.029345423
2.74,54,59,0.19229165,0.19408521,-0.212,-0.23823744,-0.083315147,-0.025422371,-0.029211893,-0.027317132
2.75,59,54,0.19229165,0.19345456,0.096,0,-0.078106492,-0.021099558,-0.028761033,-0.024930296
2.76,59,54,0.19229165,0.19286085,-0.22,0.15315264,-0.074976266,-0.018501693,-0.026062983,-0.022282338
2.77,59,54,0.19229165,0.19239879,0.044,0.068067841,-0.074260264,-0.017907463,-0.021429751,-0.019668607
2.78,59,54,0.19229165,0.19210083,0.368,0.13613568,-0.075412171,-0.018863464,-0.015942993,-0.017403228
2.79,59,54,0.19229165,0.19191089,-0.008,-0.085084801,-0.076721972,-0.019950505,-0.010371436,-0.015160971
2.8,63,54,0.19909843,0.19181761,-0.169,-0.30630528,-0.076646953,-0.019888245,-0.0050004884,-0.012444366
2.81,63,54,0.19909843,0.19182897,-0.347,-0.085084801,-0.074554169,-0.018151383,7.5080996e-05,-0.0090381511
2.82,54,50,0.17697639,0.1919424,-0.049,0.085084801,-0.070226406,-0.014559648,0.004938387,-0.0048106305
2.83,54,50,0.17697639,0.19215726,0.231,0.10210176,-0.064338531,-0.0096731305,0.0096708102,-1.1601589e-06
2.84,63,54,0.19909843,0.19244995,0.174,0.1701696,-0.057635059,-0.0041097259,0.014462845,0.0051765597
2.85,59,59,0.20080013,0.1927866,-0.109,0.085084801,-0.050826949,0.0015405208,0.019175427,0.010357974
2.86,63,59,0.20760691,0.19312863,-0.449,0.01701696,-0.044243119,0.0070046311,0.023484223,0.015244427
2.87,59,50,0.18548487,0.19344437,0.29,0.01701696,-0.037858147,0.012303703,0.027136205,0.019719954
2.88,50,54,0.17697639,0.19372989,-0.273,-0.15315264,-0.031986165,0.01717703,0.030171852,0.023674441
2.89,59,59,0.20080013,0.19400702,-0.22,0.13613568,-0.026754514,0.021518928,0.032859576,0.027189252
2.9,59,59,0.20080013,0.19432645,-0.354,0.35735616,-0.022485798,0.025061658,0.035513016,0.030287337
2.91,54,59,0.19229165,0.19476357,-0.334,-0.10210176,-0.019271832,0.027729022,0.037880912,0.032804967
2.92,63,63,0.2144137,0.19529488,0.565,-0.10210176,-0.017044466,0.029577577,0.039353706,0.034465641
2.93,54,54,0.18378317,0.19587149,-0.281,0.068067841,-0.015710674,0.030684529,0.039713776,0.035199152
2.94,54,54,0.18378317,0.19643999,-0.149,-0.22122048,-0.014931949,0.031330815,0.039022049,0.035176432
2.95,63,59,0.20760691,0.19695614,0.445,-0.051050881,-0.014281287,0.031870818,0.037463136,0.034666977
2.96,59,54,0.19229165,0.19739497,0.358,0.2552544,-0.014085856,0.032033012,0.035293248,0.03366313
2.97,54,59,0.19229165,0.1977611,0.078,0.085084801,-0.01485027,0.031398603,0.032716093,0.032057348
2.98,59,59,0.20080013,0.19810537,0.077,0.085084801,-0.017005618,0.029609818,0.029744736,0.029677277
2.99,59,54,0.19229165,0.19847026,-0.118,0.1701696,-0.021031383,0.026268719,0.026711056,0.026489887
3,59,63,0.20760691,0.19886621,-0.161,0.085084801,-0.026789516,0.021489879,0.023768788,0.022629333
3.01,59,59,0.20080013,0.19924974,-0.003,0.085084801,-0.033584345,0.015850654,0.020341649,0.018096151
3.02,59,59,0.20080013,0.19956308,-0.064,0.01701696,-0.040878723,0.0097968403,0.015888851,0.012842846
3.03,59,59,0.20080013,0.19979326,0.01,0,-0.048854017,0.0031779138,0.010593688,0.0068858011
3.04,59,59,0.20080013,0.19994997,-0.309,-0.10210176,-0.057877628,-0.0043110415,0.0050846284,0.00038679344
3.05,59,59,0.20080013,0.20005883,-0.001,-0.1701696,-0.067346931,-0.012169888,-0.00023873839,-0.0062043134
3.06,63,59,0.20760691,0.20008527,-0.094,0,-0.075982779,-0.019337028,-0.0055996483,-0.012468338
3.07,54,54,0.18378317,0.19994153,-0.363,0,-0.082929188,-0.025102052,-0.011037286,-0.018069669
3.08,59,59,0.20080013,0.19958482,-0.013,-0.068067841,-0.08822096,-0.029493847,-0.015772044,-0.022632946
3.09,59,59,0.20080013,0.1990735,-0.413,0.10210176,-0.092174899,-0.032775335,-0.019363681,-0.026069508
3.1,59,59,0.20080013,0.19852092,0.486,0.1701696,-0.094493332,-0.034699469,-0.021932076,-0.028315772
3.11,59,59,0.20080013,0.19803805,-0.171,-0.1701696,-0.095627158,-0.035640463,-0.023483117,-0.02956179
3.12,59,59,0.20080013,0.19760432,-0.681,-0.1701696,-0.09596823,-0.035923529,-0.023970225,-0.029946877
3.13,59,59,0.20080013,0.19718829,0.442,0,-0.095318428,-0.035384239,-0.02334258,-0.02936341
3.14,54,54,0.18378317,0.1968171,-0.043,-0.085084801,-0.093003229,-0.033462789,-0.021392596,-0.027427692
3.15,59,59,0.20080013,0.19651983,-0.309,-0.1701696,-0.088440456,-0.029676013,-0.018502942,-0.024089477
3.16,59,59,0.20080013,0.19631249,-0.014,0,-0.082560261,-0.02479587,-0.015312336,-0.020054103
3.17,54,59,0.19229165,0.19619926,-0.001,0.085084801,-0.076187203,-0.019506685,-0.012358841,-0.015932763
3.18,54,59,0.19229165,0.19615348,0.048,-0.085084801,-0.069522672,-0.013975599,-0.010029426,-0.012002512
3.19,59,54,0.19229165,0.19614131,0.095,-0.085084801,-0.063226908,-0.0087505624,-0.0080978252,-0.0084241938
3.2,59,59,0.20080013,0.19613149,-0.05,0.085084801,-0.058130259,-0.004520707,-0.0062309351,-0.005375821
3.21,54,59,0.19229165,0.19613664,-0.011,0.30630528,-0.054818769,-0.0017724063,-0.0045103784,-0.0031413923
3.22,54,59,0.19229165,0.19616266,-0.323,0.13613568,-0.053739501,-0.00087669069,-0.0029306435,-0.0019036671
3.23,59,59,0.20080013,0.19622783,-0.019,-0.1701696,-0.054914435,-0.0018518021,-0.001551268,-0.001701535
3.24,63,63,0.2144137,0.19635054,0.068,-0.1701696,-0.057896749,-0.0043269101,-0.0004407559,-0.002383833
3.25,54,59,0.19229165,0.19650862,-0.392,0.051050881,-0.06182819,-0.0075897266,0.00049754505,-0.0035460908
3.26,54,54,0.18378317,0.19661672,-0.413,4.7961635e-14,-0.066053197,-0.011096182,0.0012549186,-0.0049206316
3.27,54,54,0.18378317,0.19666703,-0.154,-0.051050881,-0.070230789,-0.014563285,0.0015954341,-0.0064839256
3.28,63,63,0.2144137,0.19668092,0.078,0.1701696,-0.073908614,-0.017615618,0.0013367601,-0.008139429
3.29,59,59,0.20080013,0.19667535,0.243,0.1701696,-0.076786987,-0.020004463,0.00046091074,-0.0097717761
3.3,59,59,0.20080013,0.19664491,-0.115,-0.13613568,-0.078602196,-0.021510957,-0.00072122606,-0.011116092
3.31,54,59,0.19229165,0.1966018,0.586,-0.30630528,-0.079312078,-0.022100109,-0.001961099,-0.012030604
3.32,54,59,0.19229165,0.19659332,0.163,-0.085084801,-0.07918731,-0.02199656,-0.003679142,-0.012837851
3.33,59,54,0.19229165,0.19660227,-0.346,0.15315264,-0.078386153,-0.021331657,-0.0062194455,-0.013775551
3.34,59,54,0.19229165,0.19661344,-0.452,0.068067841,-0.077835667,-0.020874793,-0.00932154,-0.015098166
3.35,59,59,0.20080013,0.19661798,-0.402,3.0198066e-14,-0.078532607,-0.021453204,-0.01256838,-0.017010792
3.36,59,63,0.20760691,0.19658706,0.12,0.085084801,-0.080294004,-0.022915038,-0.015698563,-0.0193068
3.37,54,54,0.18378317,0.19647348,-0.313,-0.085084801,-0.083042079,-0.025195744,-0.018367203,-0.021781474
3.38,59,59,0.20080013,0.19624297,-0.372,-0.1701696,-0.086666429,-0.028203696,-0.02017959,-0.024191643
3.39,59,54,0.19229165,0.19590326,0.246,0.22122048,-0.090749534,-0.031592383,-0.02083791,-0.026215146
3.4,59,54,0.19229165,0.19548357,0.062,0.13613568,-0.09481209,-0.034964015,-0.020540522,-0.027752269
3.41,54,63,0.19909843,0.19501993,-0.069,-0.1701696,-0.09819774,-0.037773863,-0.019495686,-0.028634775
3.42,63,63,0.2144137,0.19457002,0.048,0,-0.10016917,-0.039410014,-0.017461752,-0.028435883
3.43,54,54,0.18378317,0.19422533,-0.16,0.01701696,-0.10030445,-0.039522279,-0.014363272,-0.026942776
3.44,59,54,0.19229165,0.19397616,0.03,-0.11911872,-0.098478723,-0.03800706,-0.010456396,-0.024231728
3.45,54,59,0.19229165,0.19379042,-0.347,-0.27227136,-0.094637242,-0.034818904,-0.0066347242,-0.020726814
3.46,59,59,0.20080013,0.19363099,-0.072,-0.13613568,-0.088350148,-0.029601064,-0.0033571113,-0.016479087
3.47,59,59,0.20080013,0.19352793,-0.045,0,-0.079724895,-0.022442718,-0.00035672856,-0.011399723
3.48,50,50,0.1701696,0.19350379,-0.082,-0.085084801,-0.069901204,-0.014289753,0.002691174,-0.0057992895
3.49,54,59,0.19229165,0.1935797,0.035,-0.1701696,-0.060541711,-0.0065220401,0.0058366318,-0.00034270415
3.5,59,54,0.19229165,0.1937532,-0.431,0.22122048,-0.053198651,-0.0004278237,0.0089315594,0.0042518679
3.51,54,59,0.19229165,0.19398182,-0.084,0.39139008,-0.048547476,0.0034323207,0.012031208,0.0077317642
3.52,54,59,0.19229165,0.19423585,-0.062,0.1701696,-0.046334194,0.0052691875,0.01510732,0.010188254
3.53,59,59,0.20080013,0.19451905,0.059,0.085084801,-0.045970009,0.0055714351,0.017985624,0.011778529
3.54,59,59,0.20080013,0.19485328,0.143,0,-0.045919841,0.005613071,0.020744694,0.013178883
3.55,59,59,0.20080013,0.19527038,0.053,0.068067841,-0.045449305,0.0060035819,0.023277823,0.014640702
3.56,54,59,0.19229165,0.19578056,-0.076,-0.10210176,-0.044737136,0.0065946315,0.024619649,0.01560714
3.57,54,59,0.19229165,0.19634739,0.15,-0.03403392,-0.044114297,0.0071115436,0.024207786,0.015659665
3.58,63,59,0.20760691,0.19687537,-0.245,0.051050881,-0.044294134,0.0069622916,0.021946783,0.014454537
3.59,54,54,0.18378317,0.19726582,-0.135,-3.0198066e-14,-0.045871993,0.0056527812,0.018161768,0.011907274
3.6,63,63,0.2144137,0.19747436,0.061,-0.068067841,-0.049387778,0.0027349301,0.013649358,0.008192144
3.61,54,54,0.18378317,0.19752303,-0.075,0.01701696,-0.054667895,-0.0016471916,0.0092857571,0.0038192827
3.62,59,59,0.20080013,0.19742174,-0.127,-0.051050881,-0.06106385,-0.0069553788,0.0052336172,-0.00086088079
3.63,54,59,0.19229165,0.19718993,0.022,-0.13613568,-0.068546141,-0.013165147,0.0017803309,-0.0056924082
3.64,59,59,0.20080013,0.19687869,0.09,0.15315264,-0.076534242,-0.019794703,-0.00057231211,-0.010183507
3.65,59,54,0.19229165,0.19657548,-0.015,0.15315264,-0.084240782,-0.026190582,-0.0012648647,-0.013727723
3.66,59,54,0.19229165,0.1963521,-0.406,0,-0.091434302,-0.032160692,-0.00017722741,-0.01616896
3.67,59,63,0.20760691,0.19621107,-0.087,0,-0.09802791,-0.037632917,0.0020917421,-0.017770587
3.68,59,59,0.20080013,0.19616387,-0.154,0.1701696,-0.10411022,-0.042680805,0.0050361576,-0.018822324
3.69,54,59,0.19229165,0.19622723,-0.161,-0.22122048,-0.10900381,-0.046742132,0.0080051071,-0.019368512
3.7,59,59,0.20080013,0.19638809,0.109,-0.39139008,-0.11193194,-0.04917227,0.010350624,-0.019410823
3.71,59,59,0.20080013,0.19660172,-0.1,0,-0.11235431,-0.049522805,0.011829926,-0.01884644
3.72,50,54,0.17697639,0.19683662,-0.367,0.085084801,-0.10996994,-0.047543949,0.012589854,-0.017477048
3.73,54,59,0.19229165,0.19709011,0.047,0,-0.10533662,-0.043698629,0.012735982,-0.015481324
3.74,59,59,0.20080013,0.19736724,-0.43,0.23823744,-0.099109173,-0.038530288,0.012233391,-0.013148448
3.75,59,59,0.20080013,0.19764698,0.109,0.23823744,-0.092364253,-0.032932484,0.01094335,-0.010994567
3.76,59,59,0.20080013,0.19789063,0.043,0,-0.085879956,-0.02755098,0.0090538858,-0.009248547
3.77,59,59,0.20080013,0.19808113,-0.434,0,-0.079960955,-0.02263863,0.0070520123,-0.0077933089
3.78,59,54,0.19229165,0.19819718,0.165,0,-0.074642838,-0.018224972,0.0052171514,-0.0065039101
3.79,59,59,0.20080013,0.19826366,0.155,0,-0.069841277,-0.014240018,0.0039993042,-0.005120357
3.8,59,59,0.20080013,0.1982885,0.025,0.085084801,-0.06562468,-0.010740542,0.0032850237,-0.0037277594
3.81,59,59,0.20080013,0.19830272,-0.412,0.085084801,-0.062280683,-0.0079652636,0.0027509574,-0.0026071531
3.82,59,59,0.20080013,0.19831971,-0.309,-0.085084801,-0.059539002,-0.0056898635,0.0019724511,-0.0018587062
3.83,59,59,0.20080013,0.19832015,0.599,-0.1701696,-0.05709941,-0.0036651759,0.00080726549,-0.0014289552
3.84,59,59,0.20080013,0.19825633,-0.334,-0.085084801,-0.0549837,-0.0019092871,-0.00079216406,-0.0013507256
3.85,54,59,0.19229165,0.19808929,-0.264,0,-0.053032392,-0.00028984045,-0.0025690635,-0.001429452
3.86,54,59,0.19229165,0.19783275,0.194,-0.085084801,-0.051006801,0.001391256,-0.0038298881,-0.0012193161
3.87,59,59,0.20080013,0.19755077,0.028,-0.085084801,-0.048419882,0.0035382144,-0.00430324,-0.00038251284
3.88,59,59,0.20080013,0.19731476,0.31,0,-0.044945743,0.0064215027,-0.0040904947,0.001165504
3.89,59,54,0.19229165,0.19719144,-0.305,0,-0.040897581,0.0097811894,-0.0032419078,0.0032696408
3.9,54,59,0.19229165,0.19719156,-0.09,0,-0.036372264,0.01353688,-0.0018450169,0.0058459314
3.91,54,59,0.19229165,0.19725945,-0.013,0.085084801,-0.031408637,0.017656337,-0.00038572644,0.0086353053
3.92,59,59,0.20080013,0.19736762,-0.39,0.1701696,-0.026102632,0.022059944,0.00074777618,0.01140386
3.93,59,59,0.20080013,0.19752164,-0.062,0.1701696,-0.020562758,0.026657644,0.0013853185,0.014021481
3.94,59,59,0.20080013,0.19772125,-0.328,-3.0198066e-14,-0.015221054,0.031090879,0.0014633287,0.016277104
3.95,59,59,0.20080013,0.1979536,0.273,-0.1701696,-0.01057396,0.034947636,0.00095533784,0.017951487
3.96,59,59,0.20080013,0.1982184,0.1,-0.085084801,-0.006887762,0.038006918,-0.00059127987,0.018707819
3.97,54,59,0.19229165,0.1984649,0.03,0,-0.004827104,0.039717117,-0.0035259503,0.018095583
3.98,54,59,0.19229165,0.1986336,-0.015,0,-0.0048559561,0.039693172,-0.0077658151,0.015963678
3.99,59,59,0.20080013,0.19868363,-0.044,0.15315264,-0.0076955379,0.037336521,-0.013026346,0.012155088
4,59,59,0.20080013,0.19860908,0.193,0.15315264,-0.013985673,0.032116157,-0.019099199,0.0065084793
4.01,59,59,0.20080013,0.19841137,0.202,-0.085084801,-0.02331145,0.024376426,-0.025659928,-0.00064175127
4.02,59,63,0.20760691,0.19806917,-0.349,-0.1701696,-0.034761973,0.014873307,-0.031947767,-0.0085372298
4.03,59,54,0.19229165,0.19756957,-0.009,-0.085084801,-0.047480442,0.0043178831,-0.037183727,-0.016432922
4.04,54,59,0.19229165,0.19692219,0.254,-0.068067841,-0.061253865,-0.0071130779,-0.041043519,-0.024078299
4.05,54,59,0.19229165,0.19615335,-0.263,-0.068067841,-0.075660888,-0.019069881,-0.043244334,-0.031157108
4.06,59,59,0.20080013,0.19530202,0.149,0,-0.089776185,-0.030784573,-0.043130846,-0.03695771
4.07,59,59,0.20080013,0.19445076,-0.056,0,-0.10380625,-0.042428527,-0.040567608,-0.041498068
4.08,54,59,0.19229165,0.1936552,-0.297,0,-0.11796008,-0.054175202,-0.035886207,-0.045030705
4.09,59,54,0.19229165,0.19294325,0.013,-0.23823744,-0.13187191,-0.06572103,-0.029596884,-0.047658957
4.1,59,54,0.19229165,0.19233417,-0.325,-0.23823744,-0.14490442,-0.076537086,-0.022179109,-0.049358098
4.11,59,59,0.20080013,0.19185917,-0.309,0,-0.15633147,-0.086020719,-0.013912357,-0.049966538
4.12,50,54,0.17697639,0.19155748,-0.266,0,-0.16579854,-0.093877716,-0.00505681,-0.049467263
4.13,59,54,0.19229165,0.1914715,-0.22,-0.1701696,-0.17274122,-0.099639647,0.0040096293,-0.047815009
4.14,59,54,0.19229165,0.19162002,-0.136,-0.10210176,-0.17689668,-0.10308838,0.013022605,-0.045032887
4.15,54,59,0.19229165,0.19199124,-0.34,0.15315264,-0.17838286,-0.1043218,0.021687891,-0.041316957
4.16,54,54,0.18378317,0.19254104,-0.382,0.1701696,-0.17690995,-0.10309939,0.029462491,-0.036818452
4.17,54,54,0.18378317,0.19321494,-0.159,0.085084801,-0.17268444,-0.09959252,0.035820641,-0.031885939
4.18,59,59,0.20080013,0.19396027,-0.183,0.085084801,-0.16583988,-0.093912023,0.040729706,-0.026591159
4.19,59,59,0.20080013,0.19476426,0.193,0.39139008,-0.15654794,-0.086200372,0.044101946,-0.021049213
4.2,54,59,0.19229165,0.19563069,0.076,0.22122048,-0.1450271,-0.076638902,0.04581768,-0.015410611
4.21,59,54,0.19229165,0.19655812,-0.044,-0.085084801,-0.13140843,-0.065336375,0.045783894,-0.0097762407
4.22,63,63,0.2144137,0.19749288,0.001,0.085084801,-0.11640441,-0.052884107,0.043732387,-0.00457586
4.23,54,59,0.19229165,0.19833952,-0.34,0.1701696,-0.10067812,-0.039832405,0.039652331,-9.0037007e-05
4.24,59,59,0.20080013,0.19901685,-0.038,-0.051050881,-0.084812199,-0.026664818,0.033775691,0.0035554364
4.25,59,59,0.20080013,0.19950805,-0.128,-0.051050881,-0.06924857,-0.013748113,0.026402762,0.0063273244
4.26,59,59,0.20080013,0.19979378,-0.365,3.0198066e-14,-0.054390131,-0.0014166665,0.018146556,0.0083649448
4.27,59,59,0.20080013,0.19986322,0.143,-0.085084801,-0.040976263,0.009715889,0.0095095178,0.0096127034
4.28,59,59,0.20080013,0.19976818,-0.178,0,-0.029439825,0.019290311,0.00049558771,0.0098929491
4.29,59,54,0.19229165,0.19956804,-0.014,-0.01701696,-0.01965779,0.027408704,-0.0088457867,0.0092814586
4.3,59,59,0.20080013,0.19927389,-0.012,-0.10210176,-0.012117391,0.033666698,-0.017904011,0.0078813437
4.31,59,59,0.20080013,0.19886535,0.047,0.068067841,-0.0072089448,0.037740359,-0.026277889,0.005731235
4.32,54,63,0.19909843,0.1983501,0.132,0.068067841,-0.0046192498,0.039889621,-0.033369773,0.0032599243
4.33,59,54,0.19229165,0.19774636,-0.127,-0.1701696,-0.0039188846,0.040470875,-0.038466918,0.0010019781
4.34,63,59,0.20760691,0.19706902,0.151,-0.15315264,-0.0046624399,0.039853777,-0.041088595,-0.0006174089
4.35,54,59,0.19229165,0.19631548,0.189,-0.068067841,-0.0065603134,0.038278677,-0.041121159,-0.0014212411
4.36,54,59,0.19229165,0.19552613,-0.469,-0.068067841,-0.009464369,0.035868517,-0.03894096,-0.0015362214
4.37,59,54,0.19229165,0.19481251,0.12,0.01701696,-0.013443795,0.032565877,-0.03527758,-0.0013558515
4.38,54,59,0.19229165,0.19422061,0.231,0,-0.01850706,0.028363728,-0.03050925,-0.0010727614
4.39,59,59,0.20080013,0.193772,0.062,0,-0.024359678,0.023506471,-0.025405473,-0.00094950082
4.4,59,59,0.20080013,0.19343894,0.094,0.1701696,-0.031081393,0.017927926,-0.020157791,-0.0011149326
4.41,54,54,0.18378317,0.19325031,-0.425,-0.15315264,-0.03828287,0.011951213,-0.014927238,-0.0014880121
4.42,59,59,0.20080013,0.19319104,0.271,-0.47647489,-0.04458254,0.0067229353,-0.010104221,-0.0016906427
4.43,59,59,0.20080013,0.19322038,0.068,-0.068067841,-0.048446485,0.003516136,-0.0057059376,-0.0010949008
4.44,50,54,0.17697639,0.19329899,0.024,0.085084801,-0.049265173,0.0028366832,-0.0015124107,0.00066213627
4.45,50,54,0.17697639,0.1933959,-0.542,-0.1701696,-0.047340006,0.004434435,0.0027840761,0.0036092555
4.46,59,59,0.20080013,0.19350732,-0.339,0.15315264,-0.043643373,0.0075023771,0.0074120141,0.0074571956
4.47,54,59,0.19229165,0.1936794,0.327,0.47647489,-0.038882577,0.011453499,0.011957875,0.011705687
4.48,54,59,0.19229165,0.19392726,-0.275,0.30630528,-0.033237142,0.016138808,0.01584895,0.015993879
4.49,59,59,0.20080013,0.19424115,-0.493,0.15315264,-0.026677148,0.021583136,0.018954278,0.020268707
4.5,59,59,0.20080013,0.19460871,0.383,-0.13613568,-0.018915215,0.028024988,0.021307267,0.024666127
4.51,59,63,0.20760691,0.19502442,0.103,-0.085084801,-0.010321318,0.03515731,0.022742403,0.028949857
4.52,59,59,0.20080013,0.19547184,-0.056,-0.10210176,-0.0012009335,0.042726581,0.023092327,0.032909454
4.53,50,50,0.1701696,0.19592662,-0.05,-0.1701696,0.0084164799,0.050708349,0.02261079,0.036659569
4.54,63,63,0.2144137,0.19633963,-0.091,-0.10210176,0.018575979,0.05914001,0.021390849,0.040265429
4.55,50,54,0.17697639,0.19666145,0.179,0.051050881,0.029398798,0.06812218,0.019430518,0.043776349
4.56,63,63,0.2144137,0.19683273,0.18,0.085084801,0.04021725,0.077100725,0.017033582,0.047067153
4.57,54,54,0.18378317,0.19688161,0.347,0.10210176,0.050132794,0.08532992,0.014102949,0.049716434
4.58,54,59,0.19229165,0.19689623,0.229,0.10210176,0.057858561,0.091741757,0.01035514,0.051048448
4.59,59,59,0.20080013,0.19694797,-0.367,0.10210176,0.061574439,0.094825671,0.0055720994,0.050198885
4.6,59,59,0.20080013,0.19703449,0.51,0.15315264,0.060786485,0.094171725,-9.6165346e-05,0.04703778
4.61,59,59,0.20080013,0.19714738,0.095,-0.1701696,0.056124109,0.090302285,-0.0058206505,0.042240817
4.62,63,59,0.20760691,0.19724216,-0.261,-0.085084801,0.048079827,0.083626104,-0.01056401,0.036531047
4.63,54,54,0.18378317,0.19724158,-0.442,0,0.03698445,0.074417731,-0.01409904,0.030159345
4.64,54,59,0.19229165,0.1971369,-0.025,-0.15315264,0.02339944,0.063143139,-0.017115044,0.023014048
4.65,59,59,0.20080013,0.19696691,0.144,-0.068067841,0.0085310691,0.05080345,-0.020196261,0.015303595
4.66,59,59,0.20080013,0.19671418,0.246,0.1701696,-0.0063086037,0.038487578,-0.023598719,0.0074444294
4.67,54,59,0.19229165,0.19635555,0.305,0.085084801,-0.020170483,0.026983205,-0.027452374,-0.00023458464
4.68,59,54,0.19229165,0.19587761,-0.108,-0.085084801,-0.033077119,0.016271616,-0.031315546,-0.0075219653
4.69,59,59,0.20080013,0.19528347,-0.185,0.13613568,-0.045023482,0.0063569852,-0.034218053,-0.013930534
4.7,59,59,0.20080013,0.19463595,-0.264,0.13613568,-0.055284089,-0.0021585887,-0.035369331,-0.01876396
4.71,54,59,0.19229165,0.19397795,0.28,-0.32332224,-0.063924553,-0.0093295588,-0.03448916,-0.021909359
4.72,63,63,0.2144137,0.19331441,-0.03,-0.47647489,-0.071209912,-0.015375887,-0.031883774,-0.023629831
4.73,54,54,0.18378317,0.19270718,-0.27,-0.23823744,-0.076612272,-0.019859462,-0.027600375,-0.023729919
4.74,54,50,0.17697639,0.19216178,-0.098,-0.22122048,-0.079861477,-0.022556071,-0.02183752,-0.022196795
4.75,54,50,0.17697639,0.1917234,-0.556,0.01701696,-0.08114676,-0.023622764,-0.014648917,-0.019135841
4.76,59,54,0.19229165,0.19141383,0.019,0.54454273,-0.080965015,-0.023471929,-0.0067498464,-0.015110888
4.77,59,54,0.19229165,0.19123541,-0.031,0.30630528,-0.079385455,-0.022161007,0.0013001913,-0.010430408
4.78,63,59,0.20760691,0.19120354,0.004,-0.15315264,-0.07626012,-0.019567201,0.0093252222,-0.0051209894
4.79,63,59,0.20760691,0.19134016,0.36,-0.085084801,-0.071860318,-0.015915678,0.017286024,0.00068517266
4.8,54,50,0.17697639,0.19167073,-0.117,-0.15315264,-0.065919223,-0.010984992,0.025119425,0.0070672164
4.81,54,50,0.17697639,0.19221945,-0.358,-0.37437312,-0.057745445,-0.0042013384,0.032463685,0.014131173
4.82,63,54,0.19909843,0.19294809,-0.053,0.15315264,-0.047228214,0.0045272148,0.038525573,0.021526394
4.83,59,50,0.18548487,0.19379401,0.095,0.45945793,-0.034717534,0.014910188,0.042853281,0.028881735
4.84,59,54,0.19229165,0.19471519,-0.25,0.1701696,-0.021337709,0.026014491,0.045236166,0.035625328
4.85,63,59,0.20760691,0.19565984,0.073,0.1701696,-0.0080862452,0.037012262,0.045520068,0.041266165
4.86,54,59,0.19229165,0.19653404,0.006,0.15315264,0.0041922796,0.047202564,0.043681543,0.045442053
4.87,59,59,0.20080013,0.1972458,-0.146,0,0.01451496,0.055769653,0.040001609,0.047885631
4.88,59,59,0.20080013,0.19776087,0.132,0.085084801,0.022827377,0.062668367,0.035092846,0.048880607
4.89,54,59,0.19229165,0.19810766,0.256,3.0198066e-14,0.030185506,0.068775091,0.029497486,0.049136288
4.9,63,59,0.20760691,0.19834477,-0.201,-0.085084801,0.037505927,0.074850519,0.023749596,0.049300058
4.91,59,59,0.20080013,0.19854839,0.2,0.085084801,0.044802606,0.080906243,0.018629545,0.049767894
4.92,59,54,0.19229165,0.1987232,0.187,0.01701696,0.051402797,0.086383932,0.014138257,0.050261095
4.93,59,59,0.20080013,0.19882104,-0.026,-0.068067841,0.056850935,0.090905499,0.0096822147,0.050293857
4.94,59,59,0.20080013,0.19877167,0.133,0,0.061154244,0.094476939,0.0049069378,0.049691938
4.95,59,59,0.20080013,0.19854308,0.001,-0.085084801,0.064228766,0.097028574,5.8673781e-05,0.048543624
4.96,59,59,0.20080013,0.19815996,0.259,-0.085084801,0.065881113,0.098399904,-0.0041913101,0.047104297
4.97,59,54,0.19229165,0.19773034,-0.187,-0.085084801,0.065462617,0.098052582,-0.0069700592,0.045541261
4.98,59,54,0.19229165,0.19739825,-0.193,-0.1701696,0.062324186,0.095447908,-0.008188413,0.043629747
4.99,59,59,0.20080013,0.1972027,0.553,6.0396133e-14,0.056935447,0.090975638,-0.0085934124,0.041191113
5,54,59,0.19229165,0.19709114,0.096,0.1701696,0.05055757,0.085682454,-0.0085080943,0.03858718
5.01,59,54,0.19229165,0.19705125,-0.47,0.085084801,0.044585943,0.080726429,-0.0081220584,0.036302185
5.02,59,59,0.20080013,0.19703332,-0.252,0,0.03995182,0.076880436,-0.0075409235,0.034669756
5.03,59,59,0.20080013,0.19702312,0.443,0,0.0372169,0.074610648,-0.006890342,0.033860153
5.04,59,59,0.20080013,0.19703886,0.601,0,0.036304903,0.073853755,-0.0061645507,0.033844602
5.051,59,54,0.19229165,0.19706959,-0.17,0,0.036252949,0.073810637,-0.0054023328,0.034204152
5.06,59,54,0.19229165,0.19710398,-0.365,-0.080606654,0.036467765,0.073988919,-0.0049461832,0.034521368
5.07,59,59,0.20080013,0.19714604,0.554,-6.0396133e-14,0.037253616,0.07464112,-0.004772664,0.034934228
5.08,59,59,0.20080013,0.19716003,0.111,0.1701696,0.039026171,0.076112214,-0.0049437834,0.035584215
5.09,59,54,0.19229165,0.19714834,-0.472,0.085084801,0.041255432,0.077962341,-0.0052884174,0.036336962
5.1,59,59,0.20080013,0.19715079,-0.145,0,0.043148116,0.079533135,-0.0063087578,0.036612189
5.11,59,59,0.20080013,0.19718693,-0.145,-0.085084801,0.044246085,0.08044437,-0.0088239867,0.035810192
5.12,59,59,0.20080013,0.19725487,0.249,-0.2552544,0.043913663,0.080168484,-0.013257214,0.033455635
5.13,59,59,0.20080013,0.19732078,-0.026,-0.03403392,0.041034469,0.077778958,-0.019471227,0.029153865
5.14,54,54,0.18378317,0.19732682,0.153,-0.03403392,0.035438315,0.073134548,-0.026851813,0.023141368
5.15,54,54,0.18378317,0.1971926,0.22,-0.10210176,0.027578094,0.066611124,-0.034346354,0.016132385
5.16,63,63,0.2144137,0.19686393,-0.151,0.15315264,0.01828586,0.058899232,-0.041131592,0.0088838201
5.17,54,54,0.18378317,0.19633343,0.449,0.1701696,0.0090696124,0.051250402,-0.046618337,0.0023160327
5.18,63,59,0.20760691,0.19562822,0.212,-0.051050881,0.00094954925,0.044511328,-0.050323953,-0.0029063126
5.19,54,59,0.19229165,0.19476921,-0.027,-0.051050881,-0.005912245,0.038816527,-0.051947656,-0.0065655641
5.2,54,59,0.19229165,0.19378873,-0.209,-0.068067841,-0.012334633,0.033486403,-0.051288928,-0.0089012628
5.21,59,59,0.20080013,0.19276871,-0.348,-0.068067841,-0.018474471,0.028390774,-0.048262038,-0.0099356317
5.22,59,54,0.19229165,0.19182608,0.284,0.1701696,-0.023188604,0.024478379,-0.043247585,-0.0093846031
5.23,54,59,0.19229165,0.19102863,-0.269,-0.15315264,-0.026628882,0.021623194,-0.036621331,-0.0074990685
5.24,59,59,0.20080013,0.19038877,-0.346,-0.39139008,-0.029832362,0.018964533,-0.028848072,-0.0049417695
5.25,59,59,0.20080013,0.18990297,0.71,-0.30630528,-0.032910986,0.016409494,-0.02048539,-0.0020379482
5.26,50,54,0.17697639,0.18960397,0.155,-0.32332224,-0.035212024,0.014499796,-0.012231175,0.0011343106
5.27,50,54,0.17697639,0.18949944,-0.631,-0.3403392,-0.036912711,0.013088348,-0.0047239855,0.0041821812
5.28,50,54,0.17697639,0.18953558,-0.492,0.068067841,-0.03920273,0.011187795,0.001903732,0.0065457633
5.29,54,54,0.18378317,0.18967074,0.132,0.39139008,-0.041769373,0.009057664,0.0080778254,0.0085677447
5.3,54,54,0.18378317,0.18990045,-0.161,0.30630528,-0.042776598,0.0082217384,0.014387238,0.011304488
5.31,59,59,0.20080013,0.19025963,-0.182,0.23823744,-0.041582382,0.0092128527,0.021139222,0.015176037
5.32,54,59,0.19229165,0.19080298,0.026,0.2552544,-0.03822964,0.01199539,0.027866753,0.019931072
5.33,59,54,0.19229165,0.19151245,0.546,0.1701696,-0.032651232,0.016625072,0.033606478,0.025115775
5.34,59,54,0.19229165,0.1923384,0.046,0.085084801,-0.024841892,0.023106268,0.037614224,0.030360246
5.35,59,59,0.20080013,0.19323987,0.119,-6.0396133e-14,-0.01526279,0.03105624,0.039859883,0.035458062
5.36,59,59,0.20080013,0.19411422,0.11,-6.0396133e-14,-0.005189064,0.039416716,0.040434091,0.039925404
5.37,59,59,0.20080013,0.19492873,-0.542,0.085084801,0.0037305316,0.046819346,0.039193037,0.043006191
5.38,54,54,0.18378317,0.19564501,-0.055,0,0.01036396,0.052324619,0.035667561,0.04399609
5.39,59,59,0.20080013,0.1961895,0.143,-0.1701696,0.014549335,0.055798182,0.029794642,0.042796412
5.4,59,59,0.20080013,0.19649063,0.49,-0.1701696,0.017284106,0.058067847,0.022256557,0.040162202
5.41,59,59,0.20080013,0.19649849,0.12,1.7763568e-15,0.020139104,0.060437293,0.014016414,0.037226853
5.42,54,54,0.18378317,0.19623064,-0.709,-1.7763568e-15,0.024360062,0.063940387,0.006219763,0.035080075
5.43,54,54,0.18378317,0.19580296,0.285,1.7763568e-15,0.030610071,0.06912745,-1.2348884e-05,0.03455755
5.44,59,59,0.20080013,0.19536446,0.089,0.1701696,0.03906575,0.076145062,-0.0040124241,0.036066319
5.45,59,59,0.20080013,0.19499862,-0.473,0.1701696,0.050032448,0.08524664,-0.0058685464,0.039689047
5.46,59,59,0.20080013,0.19472422,-0.203,-0.085084801,0.062626288,0.095698631,-0.0058891132,0.044904759
5.47,59,59,0.20080013,0.19455638,0.439,-0.1701696,0.076067443,0.10685383,-0.0048140818,0.051019875
5.48,54,54,0.18378317,0.19447197,0.934,-0.1701696,0.09044181,0.11878353,-0.0031378609,0.057822837
5.49,59,54,0.19229165,0.1944344,-0.206,0.051050881,0.10495594,0.13082923,-0.0010559569,0.064886638
5.5,54,59,0.19229165,0.19443615,-0.404,0.13613568,0.11804306,0.14169061,0.0015259434,0.071608275
5.51,54,59,0.19229165,0.19447546,0.607,-0.085084801,0.1279375,0.14990229,0.0044023166,0.077152303
5.52,63,63,0.2144137,0.19456765,-0.051,-0.085084801,0.13325826,0.15431814,0.0069089038,0.080613521
5.53,54,54,0.18378317,0.19470197,-0.092,0.085084801,0.13289341,0.15401534,0.0086386001,0.08132697
5.54,54,54,0.18378317,0.19484206,-0.234,-0.028729933,0.12637057,0.14860184,0.0098995115,0.079250678
5.551,54,59,0.19229165,0.19498562,0.068,0.09660133,0.11326557,0.13772563,0.011277688,0.07450166
5.56,59,59,0.20080013,0.19509343,0.237,0.27963543,0.099548721,0.12634162,0.012610478,0.06947605
5.57,59,59,0.20080013,0.19520504,0.666,0.085084801,0.082529956,0.11221726,0.014137683,0.063177471
5.58,59,59,0.20080013,0.19536477,0.528,-0.085084801,0.065177756,0.097816167,0.015506997,0.056661582
5.59,59,54,0.19229165,0.19560723,0.186,-0.01701696,0.048213653,0.08373717,0.016777918,0.050257544
5.6,54,59,0.19229165,0.19592264,0.39,-0.10210176,0.031567086,0.069921704,0.017950206,0.043935955
5.61,54,59,0.19229165,0.19623653,-0.126,-0.085084801,0.0153543,0.056466246,0.018767896,0.037617071
5.62,63,59,0.20760691,0.19645803,-0.183,0.1701696,7.9760743e-05,0.043789466,0.01930631,0.031547888
5.63,54,54,0.18378317,0.19658098,-0.407,0.1701696,-0.014057301,0.03205671,0.019888152,0.025972431
5.64,59,59,0.20080013,0.19665581,-0.09,0.01701696,-0.027980914,0.020501103,0.020745471,0.020623287
5.65,59,59,0.20080013,0.19676752,-0.701,-0.068067841,-0.042372506,0.008557106,0.021783951,0.015170528
5.66,59,59,0.20080013,0.19697357,0.03,-0.085084801,-0.056632385,-0.0032775782,0.022660661,0.0096915415
5.67,59,59,0.20080013,0.1972501,-0.164,-0.01701696,-0.070613605,-0.014880996,0.022950236,0.0040346204
5.68,54,54,0.18378317,0.19755099,-0.199,0.068067841,-0.084089061,-0.026064664,0.02254523,-0.001759717
5.69,54,59,0.19229165,0.19783862,0.212,0,-0.095636567,-0.035648272,0.021603112,-0.0070225802
5.7,63,59,0.20760691,0.19811119,-0.469,0.1701696,-0.10315975,-0.041891982,0.020516054,-0.010687964
5.71,59,59,0.20080013,0.19840786,0.009,0.085084801,-0.10510812,-0.043508988,0.019785929,-0.01186153
5.72,59,59,0.20080013,0.19871475,0.338,-0.15315264,-0.10180554,-0.040768079,0.019147552,-0.010810264
5.73,59,59,0.20080013,0.1990029,0.052,-0.068067841,-0.093948061,-0.034246933,0.017960467,-0.0081432329
5.74,54,54,0.18378317,0.19925461,0.192,0,-0.082264343,-0.024550279,0.015896105,-0.0043270866
5.75,59,59,0.20080013,0.19945925,-0.217,0.13613568,-0.068493602,-0.013121544,0.013206731,4.2593768e-05
5.76,59,59,0.20080013,0.19961983,-0.118,0.30630528,-0.054969964,-0.0018978871,0.010363498,0.0042328054
5.77,59,59,0.20080013,0.19975369,0.252,0.1701696,-0.044305885,0.0069525393,0.0076230356,0.0072877874
5.78,63,63,0.2144137,0.19989115,-0.486,-0.085084801,-0.038541269,0.01173676,0.0045643712,0.0081505658
5.79,59,59,0.20080013,0.2000358,0.038,-0.1701696,-0.038316371,0.01192341,0.00066346897,0.0062934394
5.8,59,59,0.20080013,0.2001391,-0.309,-0.22122048,-0.042311345,0.0086078656,-0.0040058983,0.0023009836
5.81,59,54,0.19229165,0.20016657,-0.164,-0.13613568,-0.048291659,0.0036446309,-0.0090765758,-0.0027159725
5.82,59,54,0.19229165,0.20010725,-0.278,0,-0.054020103,-0.0011095697,-0.014901225,-0.0080053973
5.83,59,59,0.20080013,0.19997847,0.043,0.085084801,-0.05769965,-0.0041633323,-0.021623129,-0.012893231
5.84,59,59,0.20080013,0.19977864,0.724,0.1701696,-0.058244724,-0.0046157047,-0.028819418,-0.016717561
5.85,59,59,0.20080013,0.19950418,-0.024,0.085084801,-0.055502151,-0.0023395646,-0.035967705,-0.019153635
5.86,59,59,0.20080013,0.1991666,-0.357,-0.085084801,-0.049412875,0.0027141015,-0.043058673,-0.020172286
5.87,59,59,0.20080013,0.19874474,0.521,-0.1701696,-0.040376862,0.010213349,-0.050534172,-0.020160412
5.88,59,59,0.20080013,0.198209,-0.14,-0.085084801,-0.029770311,0.019016031,-0.058370525,-0.019677247
5.89,54,59,0.19229165,0.19752391,-0.676,0,-0.01865062,0.028244583,-0.065513292,-0.018634355
5.9,54,59,0.19229165,0.19666665,-0.248,0,-0.0081326968,0.036973711,-0.070750538,-0.016888414
5.91,59,59,0.20080013,0.19566058,-0.132,-0.085084801,0.00081003183,0.044395539,-0.073289541,-0.014447001
5.92,59,59,0.20080013,0.1945772,0.264,-0.1701696,0.0072755711,0.049761476,-0.073305617,-0.011772071
5.93,59,59,0.20080013,0.19345353,-0.325,-0.085084801,0.01051061,0.052446328,-0.071596437,-0.0095750543
5.94,54,54,0.18378317,0.19229739,0.159,-1.7763568e-15,0.011544056,0.053304015,-0.068405822,-0.0075509039
5.95,54,54,0.18378317,0.19111296,0.219,-0.23823744,0.012004858,0.053686448,-0.063572047,-0.0049427995
5.96,59,59,0.20080013,0.18993654,0.035,-0.30630528,0.012824305,0.05436653,-0.056698511,-0.0011659903
5.97,59,59,0.20080013,0.18887863,0.264,0.01701696,0.014802931,0.056008648,-0.04754304,0.0042328042
5.98,50,54,0.17697639,0.18802715,0.363,1.7763568e-15,0.018419054,0.059009773,-0.036243615,0.011383079
5.99,50,54,0.17697639,0.18744256,0.339,-0.32332224,0.024079901,0.063707873,-0.023340071,0.020183901
6,54,59,0.19229165,0.18716338,-0.152,-0.23823744,0.03143826,0.069814788,-0.0099261933,0.029944297
6.01,54,59,0.19229165,0.18717621,-0.225,0,0.039537047,0.076536205,0.0031192493,0.039827727
6.02,54,50,0.17697639,0.18745739,-0.287,0.085084801,0.047890209,0.083468734,0.015238572,0.049353653
6.03,54,50,0.17697639,0.18796035,0.181,0.1701696,0.055118405,0.089467622,0.026231102,0.057849362
6.04,54,50,0.17697639,0.18863744,-0.211,0.32332224,0.059871102,0.093412022,0.036094492,0.064753257
6.05,59,59,0.20080013,0.18945139,0.41,0.30630528,0.061025577,0.094370154,0.044923413,0.069646784
6.06,59,59,0.20080013,0.19038166,-0.409,0.13613568,0.058064661,0.091912805,0.05273549,0.072324148
6.07,59,59,0.20080013,0.19142259,-0.152,0.068067841,0.051608636,0.086554764,0.05908088,0.072817822
6.08,54,54,0.18378317,0.19251159,0.283,-1.7763568e-15,0.04260477,0.079082196,0.063559081,0.071320639
6.09,54,54,0.18378317,0.19363183,-0.048,0.068067841,0.03251292,0.070706679,0.065326631,0.068016655
6.1,59,59,0.20080013,0.19478565,0.18,0.15315264,0.023055242,0.062857479,0.063753668,0.063305574
6.11,59,59,0.20080013,0.19593138,0.094,0.2552544,0.014982367,0.056157568,0.058859259,0.057508414
6.12,59,63,0.20760691,0.19698048,0.43,0.1701696,0.0081880938,0.050518805,0.051054356,0.05078658
6.13,59,54,0.19229165,0.19780421,0.484,-0.1701696,0.0028243632,0.04606729,0.040831838,0.043449564
6.14,59,59,0.20080013,0.19833485,-0.556,-0.23823744,-0.0010318901,0.042866875,0.028718792,0.035792833
6.15,59,59,0.20080013,0.19858646,-0.199,-0.068067841,-0.0035160626,0.040805188,0.015733373,0.02826928
6.16,54,54,0.18378317,0.198571,0.323,0,-0.0050239367,0.03955376,0.0031901019,0.021371931
6.17,59,59,0.20080013,0.1982718,-0.069,0,-0.0058310136,0.038883944,-0.0079867315,0.015448606
6.18,54,59,0.19229165,0.19771596,-0.03,0.1701696,-0.0063938567,0.038416824,-0.017038197,0.010689314
6.19,59,59,0.20080013,0.19701816,-0.353,0.23823744,-0.0065835601,0.038259384,-0.023357187,0.0074510982
6.2,59,59,0.20080013,0.1963011,0.317,-0.01701696,-0.0055543013,0.039113595,-0.026819877,0.0061468591
6.21,59,59,0.20080013,0.19561974,0.067,0.051050881,-0.0025499442,0.041606998,-0.027959706,0.0068236459
6.22,63,59,0.20760691,0.19500573,-0.712,-0.10210176,0.0029791218,0.046195729,-0.027892266,0.0091517315
6.23,54,54,0.18378317,0.19446671,0.213,-0.47647489,0.010844044,0.052723054,-0.027530015,0.012596519
6.24,63,63,0.2144137,0.19400364,-0.214,-0.39139008,0.020083438,0.060391093,-0.026717646,0.016836724
6.25,50,54,0.17697639,0.19362562,-0.19,-0.068067841,0.02940039,0.0681235,-0.024986591,0.021568454
6.26,50,54,0.17697639,0.19332806,0.343,-0.051050881,0.038746016,0.075879705,-0.022187275,0.026846215
6.27,54,59,0.19229165,0.19305317,0.198,-0.068067841,0.048363108,0.083861207,-0.018494452,0.032683377
6.28,54,59,0.19229165,0.19277389,0.12,0.13613568,0.057627819,0.091550257,-0.014337272,0.038606492
6.29,59,59,0.20080013,0.19252175,-0.203,0.15315264,0.064801893,0.097504228,-0.0099122887,0.04379597
6.3,54,54,0.18378317,0.19235273,0.313,0.1701696,0.069089583,0.10106271,-0.0052926848,0.04788501
6.31,54,54,0.18378317,0.19231359,0.292,0.085084801,0.069970828,0.10179408,-0.00041805319,0.050688011
6.32,59,59,0.20080013,0.19240551,0.26,0.085084801,0.066340881,0.098781478,0.004795622,0.05178855
6.33,59,59,0.20080013,0.19264572,-0.009,0.1701696,0.057725454,0.091631287,0.010306272,0.050968779
6.34,59,59,0.20080013,0.19301593,0.134,0.085084801,0.045287244,0.081308458,0.015989335,0.048648897
6.35,54,59,0.19229165,0.19346106,0.207,-0.1701696,0.031318094,0.069715059,0.021268254,0.045491657
6.36,54,59,0.19229165,0.19393319,-0.093,-0.3403392,0.017189,0.057988916,0.025661609,0.041825262
6.37,59,59,0.20080013,0.19437698,-0.063,-0.085084801,0.0028459501,0.046085206,0.028731221,0.037408214
6.38,54,54,0.18378317,0.19475205,0.354,0.1701696,-0.011847004,0.0338911,0.030348055,0.032119577
6.39,54,54,0.18378317,0.19503919,-0.251,0,-0.026881725,0.021413352,0.030690738,0.026052045
6.4,59,59,0.20080013,0.19525278,-0.47,0.15315264,-0.041932209,0.0089225211,0.030206538,0.019564529
6.41,59,59,0.20080013,0.19543463,0.078,0.32332224,-0.056078782,-0.0028181272,0.029525568,0.01335372
6.42,59,54,0.19229165,0.19561995,-0.274,-6.0396133e-14,-0.068218062,-0.012892865,0.029108883,0.0081080091
6.43,63,59,0.20760691,0.19590455,-0.328,-0.1701696,-0.077251413,-0.020389903,0.029166819,0.0043884581
6.44,59,54,0.19229165,0.19629166,-0.074,-0.085084801,-0.082044084,-0.024367479,0.029246126,0.0024393235
6.45,59,54,0.19229165,0.19674314,0.436,0,-0.082687227,-0.024901242,0.028735191,0.0019169747
6.46,59,54,0.19229165,0.19726821,-0.426,0,-0.079936797,-0.022618581,0.027065869,0.0022236441
6.47,59,54,0.19229165,0.19785292,-0.628,0.15315264,-0.074837139,-0.018386228,0.024044981,0.0028293768
6.48,68,54,0.20760691,0.19845568,0.169,0.22122048,-0.068216006,-0.012891159,0.019703863,0.0034063519
6.49,59,54,0.19229165,0.19896911,0.514,0.13613568,-0.060398053,-0.0064028144,0.014038426,0.0038178059
6.5,63,59,0.20760691,0.19925852,-0.556,-0.01701696,-0.051946343,0.00061150315,0.0076251743,0.0041183387
6.51,63,54,0.19909843,0.19930416,0.015,-0.01701696,-0.043463074,0.0076520122,0.001168072,0.0044100421
6.52,63,54,0.19909843,0.19915315,0.53,-0.01701696,-0.035470606,0.014285192,-0.0047634554,0.0047608681
6.53,63,54,0.19909843,0.1988613,0.468,-0.085084801,-0.028189155,0.020328278,-0.0096689243,0.0053296767
6.54,63,54,0.19909843,0.1984724,-0.282,0,-0.021432462,0.025935852,-0.013238732,0.0063485602
6.55,63,54,0.19909843,0.19802312,-0.65,0.085084801,-0.015241728,0.03107372,-0.015169103,0.0079523088
6.56,63,54,0.19909843,0.19755109,0.065,-0.051050881,-0.01035354,0.035130569,-0.015229192,0.0099506881
6.57,63,54,0.19909843,0.19710814,-0.053,-0.13613568,-0.0073152786,0.037652109,-0.014316117,0.011667996
6.58,63,59,0.20760691,0.19669976,-0.078,-1.7763568e-15,-0.0067192935,0.038146735,-0.013172533,0.012487101
6.59,59,50,0.18548487,0.1963357,0.528,-0.22122048,-0.0090253905,0.036232838,-0.01188064,0.012176099
6.6,63,54,0.19909843,0.19602983,0.024,-0.37437312,-0.014101787,0.032019791,-0.010323292,0.010848249
6.61,63,54,0.19909843,0.19579861,-0.197,-0.085084801,-0.020866639,0.026405445,-0.008408328,0.0089985583
6.62,54,50,0.17697639,0.19566217,-0.33,-4.7961635e-14,-0.028498804,0.020071291,-0.0057114805,0.0071799054
6.63,59,54,0.19229165,0.19563863,0.389,0.10210176,-0.036206723,0.013674268,-0.0023724087,0.0056509295
6.64,59,54,0.19229165,0.19573186,-0.62,0.32332224,-0.042750926,0.008243045,0.0011567663,0.0046999056
6.65,59,54,0.19229165,0.19591666,-0.29,0.15315264,-0.047441961,0.0043498196,0.0045029511,0.0044263853
6.66,68,59,0.21611539,0.19616243,0.444,0.068067841,-0.050134844,0.0021149185,0.0074688971,0.0047919078
6.67,63,50,0.19229165,0.19646322,-0.06,0.15315264,-0.050356609,0.0019308692,0.01002765,0.0059792595
6.68,63,50,0.19229165,0.19680318,-0.043,-0.068067841,-0.047669345,0.0041611067,0.011904399,0.008032753
6.69,63,54,0.19909843,0.19716994,0.034,0.085084801,-0.042741449,0.0082509101,0.013091564,0.010671237
6.7,59,59,0.20080013,0.19753705,0.259,0.085084801,-0.036667861,0.013291555,0.013550739,0.013421147
6.71,59,59,0.20080013,0.19787632,-0.076,-0.15315264,-0.029683713,0.019087901,0.013119901,0.016103901
6.72,68,59,0.21611539,0.1981806,-0.23,-0.01701696,-0.022383861,0.025146259,0.011364927,0.018255593
6.73,59,45,0.17697639,0.19843652,0.144,-0.03403392,-0.016546081,0.0299912,0.007850533,0.018920867
6.74,63,54,0.19909843,0.19860501,-0.354,-0.2552544,-0.013130009,0.032826297,0.0024916944,0.017658996
6.75,63,54,0.19909843,0.19862906,-0.433,0.068067841,-0.011619957,0.034079532,-0.004119456,0.014980038
6.76,63,54,0.19909843,0.19847803,0.125,0.23823744,-0.01125217,0.03438477,-0.010951854,0.011716458
6.77,59,54,0.19229165,0.19817665,-0.167,-0.13613568,-0.012212157,0.033588049,-0.016981043,0.0083035029
6.78,63,59,0.20760691,0.19778227,0.271,-0.068067841,-0.014577721,0.031624799,-0.021927714,0.0048485426
6.79,59,54,0.19229165,0.19736682,0.126,0.068067841,-0.018105836,0.028696715,-0.025494484,0.0016011158
6.8,59,54,0.19229165,0.19694609,0.359,-0.01701696,-0.022375281,0.025153379,-0.027210762,-0.0010286915
6.81,63,54,0.19909843,0.19652203,-0.086,-0.085084801,-0.027038418,0.021283308,-0.027504236,-0.0031104639
6.82,63,54,0.19909843,0.19609338,0.054,0.068067841,-0.031560494,0.017530306,-0.026718424,-0.0045940591
6.83,63,54,0.19909843,0.19566101,-0.032,0.068067841,-0.035314156,0.014415034,-0.025119389,-0.0053521772
6.84,59,54,0.19229165,0.19525219,-0.169,0,-0.038250441,0.011978127,-0.022960359,-0.0054911157
6.85,63,54,0.19909843,0.19492665,-0.19,-0.13613568,-0.040653624,0.009983656,-0.02029749,-0.005156917
6.86,63,54,0.19909843,0.19468668,0.2,-0.20420352,-0.042669238,0.0083108398,-0.017567898,-0.0046285292
6.87,63,54,0.19909843,0.19448674,-0.081,-0.20420352,-0.044590631,0.0067162207,-0.015069934,-0.0041768568
6.88,59,50,0.18548487,0.19429289,-0.068,-0.13613568,-0.046411314,0.0052051833,-0.012756174,-0.0037754952
6.89,59,50,0.18548487,0.19410564,-0.218,0,-0.047954564,0.0039243958,-0.010462748,-0.003269176
6.9,59,50,0.18548487,0.19394745,-0.106,0.13613568,-0.048967484,0.0030837441,-0.0077986387,-0.0023574473
6.91,63,54,0.19909843,0.19384938,-0.487,0.13613568,-0.048808246,0.0032159007,-0.0042972592,-0.00054067924
6.92,63,54,0.19909843,0.19377523,-0.098,0,-0.046360126,0.0052476659,-1.1342466e-05,0.0026181617
6.93,63,54,0.19909843,0.19372357,0.204,0.1701696,-0.040948732,0.0097387377,0.0050998357,0.0074192867
6.94,59,50,0.18548487,0.19373843,0.213,0.03403392,-0.032541059,0.016716508,0.010823418,0.013769963
6.95,59,50,0.18548487,0.19383762,0.007,-0.13613568,-0.022020633,0.025447712,0.016998263,0.021222988
6.96,68,59,0.21611539,0.19403481,-0.11,0.13613568,-0.010778044,0.034778261,0.02339474,0.0290865
6.97,59,50,0.18548487,0.19436999,0.339,0.20420352,-0.00083165453,0.043033056,0.029679821,0.036356438
6.98,63,54,0.19909843,0.19481081,-0.512,-0.1701696,0.006447393,0.049074147,0.035517,0.042295574
6.99,63,54,0.19909843,0.19532607,0.143,-0.1701696,0.010560427,0.052487673,0.040411529,0.046449601
7,63,50,0.19229165,0.19591486,-0.187,0.068067841,0.011455387,0.053230426,0.043824838,0.048527632
7.01,63,50,0.19229165,0.19655851,0.059,0,0.010079017,0.052088136,0.045464402,0.048776269
7.02,63,50,0.19229165,0.19719774,0.487,0,0.0070995017,0.049615351,0.045581507,0.047598429
7.03,63,54,0.19909843,0.19779812,-0.25,0.068067841,0.0032485793,0.046419359,0.044384867,0.045402113
7.04,63,54,0.19909843,0.19835914,0.123,0.14497566,-0.0017988563,0.042230347,0.042354853,0.0422926
7.051,63,50,0.19229165,0.19898612,0.162,0.17360737,-0.0086619955,0.03653443,0.039465283,0.037999857
7.06,63,54,0.19909843,0.19951806,0.36,0.18012104,-0.01483632,0.03141018,0.036847267,0.034128724
7.07,68,50,0.20080013,0.20011648,-0.254,0.085084801,-0.021863939,0.025577757,0.033418954,0.029498356
7.08,68,54,0.20760691,0.20068568,-0.299,0.085084801,-0.028483739,0.020083795,0.029047624,0.024565709
7.09,68,54,0.20760691,0.2011685,0.383,0.15315264,-0.033582581,0.015852118,0.023688735,0.019770427
7.1,63,50,0.19229165,0.20153407,-0.176,-0.085084801,-0.035899362,0.013929355,0.017770244,0.015849799
7.11,68,54,0.20760691,0.2017631,-0.233,-0.085084801,-0.034870426,0.014783298,0.011888104,0.013335701
7.12,68,54,0.20760691,0.20183973,-0.673,0.15315264,-0.03043318,0.018465897,0.006470167,0.012468032
7.13,63,50,0.19229165,0.20177438,0.041,-0.068067841,-0.022824288,0.024780736,0.0010387978,0.012909767
7.14,72,54,0.2144137,0.20156871,-0.345,-0.30630528,-0.013510673,0.032510373,-0.0045471502,0.013981611
7.15,68,50,0.20080013,0.20131606,0.121,0.068067841,-0.004463837,0.040018603,-0.010383767,0.014817418
7.16,63,50,0.19229165,0.20105721,0.217,1.563194e-13,0.0027616299,0.046015226,-0.016912506,0.01455136
7.17,63,50,0.19229165,0.20077333,0.492,-0.15315264,0.0073622016,0.049833373,-0.023771054,0.01303116
7.18,72,54,0.2144137,0.20043414,-0.084,-0.01701696,0.0091871102,0.051347917,-0.030167856,0.010590031
7.19,63,50,0.19229165,0.20000654,-0.047,0.068067841,0.0085538313,0.050822341,-0.035403457,0.0077094418
7.2,68,54,0.20760691,0.19947248,0.208,-0.068067841,0.0063219269,0.048970019,-0.038954313,0.005007853
7.21,63,45,0.18378317,0.19885058,-0.586,-0.22122048,0.0030490462,0.046253761,-0.040534779,0.0028594913
7.22,72,50,0.20760691,0.1982048,0.38,-0.068067841,-0.00089622952,0.042979463,-0.040204731,0.0013873661
7.23,63,50,0.19229165,0.19761374,-0.312,0.10210176,-0.0055757406,0.039095802,-0.038495031,0.00030038548
7.24,63,50,0.19229165,0.19713,0.694,0.10210176,-0.010689249,0.034851954,-0.036422279,-0.00078516269
7.25,68,50,0.20080013,0.19673316,0.179,0.15315264,-0.015312526,0.031014963,-0.034426241,-0.0017056391
7.26,68,50,0.20080013,0.19638448,-0.088,0.068067841,-0.01902181,0.027936521,-0.032410207,-0.0022368428
7.27,68,50,0.20080013,0.19606073,0.108,-0.085084801,-0.021378197,0.025980888,-0.030037811,-0.0020284618
7.28,72,54,0.2144137,0.19574425,0.022,-0.1701696,-0.021726217,0.025692056,-0.027105688,-0.00070681587
7.29,59,45,0.17697639,0.19541112,0.052,-0.47647489,-0.020073701,0.027063527,-0.023746664,0.0016584315
7.3,72,50,0.20760691,0.19508352,-0.498,-0.39139008,-0.01702651,0.029592479,-0.020093271,0.0047496038
7.31,59,45,0.17697639,0.1947937,-0.159,0.068067841,-0.013544251,0.032482506,-0.016308625,0.0080869402
7.32,59,45,0.17697639,0.19453668,-0.329,0.15315264,-0.0099002536,0.035506764,-0.012452829,0.011526968
7.33,63,54,0.19909843,0.19432508,-0.835,0.1701696,-0.0060958593,0.038664141,-0.008025199,0.015319471
7.34,63,54,0.19909843,0.19414517,-0.191,0.47647489,-0.002331807,0.041788036,-0.0025127794,0.019637628
7.35,68,50,0.20080013,0.19402043,0.26,0.1701696,0.0011097604,0.044644292,0.0037053346,0.024174813
7.36,68,50,0.20080013,0.19400213,0.456,-0.13613568,0.0043978603,0.047373181,0.010035721,0.028704451
7.37,68,50,0.20080013,0.19414258,0.34,-0.32332224,0.0075523486,0.049991182,0.016382581,0.033186881
7.38,63,50,0.19229165,0.1944387,0.164,-0.2552544,0.010964115,0.052822705,0.022636584,0.037729644
7.39,63,50,0.19229165,0.19491713,0.237,0,0.015008496,0.056179253,0.028214901,0.042197077
7.4,63,40,0.17527469,0.19554773,0.151,0.085084801,0.019909897,0.060247067,0.032306643,0.046276855
7.41,68,50,0.20080013,0.19627327,-0.141,0.1701696,0.025192339,0.064631118,0.034699978,0.049665548
7.42,68,50,0.20080013,0.19700683,0.143,0.3403392,0.029624646,0.068309617,0.035194488,0.051752053
7.43,68,50,0.20080013,0.19767042,0.363,0.1701696,0.031172962,0.069594609,0.03356496,0.051579784
7.44,68,50,0.20080013,0.19822182,0.151,-0.1701696,0.027180167,0.066280873,0.029924682,0.048102778
7.45,68,50,0.20080013,0.19865034,-0.173,-0.085084801,0.016275864,0.057231078,0.024699535,0.040965306
7.46,68,45,0.19229165,0.19898125,-0.305,0,-0.0024226327,0.041712657,0.018593445,0.030153051
7.47,68,45,0.19229165,0.19926645,-0.154,0.22122048,-0.027676668,0.020753605,0.012372831,0.016563218
7.48,68,50,0.20080013,0.19950783,-0.578,0.22122048,-0.05725548,-0.0037947028,0.0062730146,0.0012391559
7.49,68,50,0.20080013,0.19970043,0.139,1.7763568e-15,-0.088077639,-0.0293749,0.00072054123,-0.01432718
7.5,77,54,0.22292218,0.19978081,-0.387,-0.01701696,-0.11662726,-0.053069051,-0.0044996587,-0.028784355
7.51,68,45,0.19229165,0.19968589,0.22,0.11911872,-0.14003524,-0.072496013,-0.0098771924,-0.041186603
7.52,68,45,0.19229165,0.19940555,0.291,-0.2552544,-0.15596345,-0.085715291,-0.015440011,-0.050577651
7.53,72,45,0.19909843,0.19895513,-0.23,-0.39139008,-0.16338835,-0.091877432,-0.020846492,-0.056361962
7.54,72,54,0.2144137,0.19835515,-0.074,0.085084801,-0.16211761,-0.090822809,-0.025291456,-0.058057132
7.55,63,45,0.18378317,0.19765862,-0.177,0.10210176,-0.15370803,-0.083843453,-0.027929021,-0.055886237
7.56,68,45,0.19229165,0.19694535,-0.26,-0.20420352,-0.14055366,-0.072926266,-0.02825054,-0.050588403
7.57,68,50,0.20080013,0.19631397,-0.178,-0.13613568,-0.12498328,-0.060003957,-0.02665271,-0.043328334
7.58,68,50,0.20080013,0.19578332,-0.418,0.085084801,-0.10842029,-0.04625785,-0.023571731,-0.03491479
7.59,63,50,0.19229165,0.19536044,-0.164,-0.085084801,-0.092209983,-0.032804452,-0.020042903,-0.026423677
7.6,63,50,0.19229165,0.19508558,-0.206,-0.1701696,-0.076679362,-0.019915142,-0.016802915,-0.018359028
7.61,68,45,0.19229165,0.194983,-0.44,-0.085084801,-0.061601611,-0.007401682,-0.014202681,-0.010802181
7.62,68,45,0.19229165,0.19501772,-0.208,0.085084801,-0.046958455,0.0047510953,-0.011981181,-0.0036150426
7.63,63,50,0.19229165,0.19514625,0.144,0.1701696,-0.032654931,0.016622002,-0.0097026635,0.0034596693
7.64,68,45,0.19229165,0.19537278,0.473,0.085084801,-0.018752578,0.028159965,-0.0077040732,0.010227946
7.65,68,50,0.20080013,0.1956754,-0.132,0,-0.0052613903,0.039356691,-0.0068248641,0.016265913
7.66,68,50,0.20080013,0.1960119,0.715,0,0.0079227471,0.050298586,-0.0079746323,0.021161977
7.67,68,45,0.19229165,0.19634151,0.06,0.068067841,0.020505825,0.060741645,-0.011702259,0.024519693
7.68,68,45,0.19229165,0.19664468,0.193,0.068067841,0.031527141,0.069888552,-0.018200732,0.02584391
7.69,63,50,0.19229165,0.19692476,-0.278,0.15315264,0.039659519,0.076637847,-0.027276791,0.024680528
7.7,72,50,0.20760691,0.19713392,-0.278,1.0835777e-13,0.043704157,0.079994609,-0.039231619,0.020381495
7.71,68,50,0.20080013,0.19720313,0.298,0.068067841,0.042304607,0.078833082,-0.054352656,0.012240213
7.72,72,50,0.20760691,0.19706325,-0.215,-0.01701696,0.034215526,0.072119721,-0.072218001,-4.9140045e-05
7.73,59,45,0.17697639,0.19666303,0.114,-0.40840704,0.018418774,0.059009541,-0.092009521,-0.01649999
7.74,72,54,0.2144137,0.19593141,-0.44,-0.40840704,-0.0049943242,0.039578336,-0.11346632,-0.03694399
7.75,63,45,0.18378317,0.19482302,0.387,-1.687539e-13,-0.035230999,0.014484049,-0.13613298,-0.060824463
7.76,63,45,0.18378317,0.19333645,-0.438,0.1701696,-0.071231981,-0.015394203,-0.15916457,-0.087279387
7.77,63,45,0.18378317,0.19150698,0.292,-0.13613568,-0.11131071,-0.048656696,-0.18179046,-0.11522358
7.78,68,50,0.20080013,0.18937295,-0.346,-0.068067841,-0.15346882,-0.083644922,-0.20351771,-0.14358131
7.79,72,50,0.20760691,0.18698073,0.636,-0.068067841,-0.19584167,-0.11881138,-0.2241071,-0.17145924
7.8,59,45,0.17697639,0.18436132,-0.337,-0.30630528,-0.23679461,-0.1527994,-0.24338494,-0.19809217
7.81,63,45,0.18378317,0.18153021,-0.626,-0.62962753,-0.275424,-0.18485905,-0.26122709,-0.22304307
7.82,59,45,0.17697639,0.17851404,-0.093,-0.47647489,-0.31131509,-0.21464609,-0.2777093,-0.2461777
7.83,59,45,0.17697639,0.17533461,-0.549,-0.30630528,-0.34454851,-0.24222747,-0.29279014,-0.2675088
7.84,59,40,0.16846791,0.17203563,-0.566,-0.45945793,-0.37570783,-0.26808749,-0.30636086,-0.28722417
7.85,54,45,0.16846791,0.16864299,-0.343,-0.40840704,-0.40512868,-0.2925047,-0.3183326,-0.30541865
7.86,59,36,0.16166112,0.16516961,-0.431,-0.2552544,-0.4325584,-0.31526941,-0.32910021,-0.32218481
7.87,50,40,0.15315264,0.16161785,-0.394,-0.30630528,-0.45734937,-0.33584415,-0.33925641,-0.33755028
7.88,54,40,0.15995943,0.15798035,-0.511,-0.37437312,-0.47874386,-0.35360005,-0.34903188,-0.35131597
7.89,54,40,0.15995943,0.15427247,-0.472,-0.22122048,-0.4953269,-0.3673628,-0.3580462,-0.3627045
7.9,50,36,0.14634586,0.15052654,-0.814,-0.28928832,-0.50626553,-0.37644108,-0.36590839,-0.37117474
7.91,50,36,0.14634586,0.14680383,-0.879,-0.44244097,-0.5114082,-0.38070913,-0.37276351,-0.37673632
7.92,50,36,0.14634586,0.14311476,-0.366,-0.39139008,-0.51132982,-0.38064408,-0.37915685,-0.37990046
7.93,45,36,0.13783738,0.13946255,-0.518,-0.3403392,-0.50674228,-0.37683675,-0.38504725,-0.380942
7.94,45,36,0.13783738,0.13578082,-0.472,-0.3403392,-0.4981994,-0.36974676,-0.39077992,-0.38026334
7.95,45,31,0.1293289,0.13196573,-0.36,-0.40840704,-0.4866954,-0.36019926,-0.39672194,-0.3784606
7.96,40,36,0.1293289,0.12794476,-0.343,-0.40840704,-0.47331787,-0.34909687,-0.40287512,-0.37598599
7.97,40,36,0.1293289,0.12372027,-0.494,-0.39139008,-0.45941087,-0.33755505,-0.40854342,-0.37304923
7.98,36,31,0.11401363,0.11934013,-0.477,-0.37437312,-0.44593003,-0.32636691,-0.41287194,-0.36961942
7.99,40,31,0.12082042,0.11483508,-0.396,-0.45945793,-0.43399073,-0.31645814,-0.41563133,-0.36604473
8,36,27,0.10720685,0.11024613,-0.448,-0.54454273,-0.42405945,-0.30821589,-0.41660733,-0.36241161
8.01,36,31,0.11401363,0.10562601,-0.381,-0.52752577,-0.41625971,-0.30174266,-0.41564363,-0.35869314
8.02,31,27,0.098698369,0.10104941,-0.252,-0.44244097,-0.40997126,-0.29652369,-0.41285273,-0.35468821
8.03,31,22,0.090189889,0.096568841,-0.327,-0.39139008,-0.40521236,-0.29257414,-0.40845608,-0.35051511
8.04,27,27,0.091891585,0.092234612,-0.352,-0.54454273,-0.4023257,-0.29017842,-0.40286857,-0.3465235
8.05,27,27,0.091891585,0.088064781,-0.415,-0.52752577,-0.40123673,-0.28927466,-0.39659939,-0.34293702
8.06,31,22,0.090189889,0.084040313,-0.378,-0.39139008,-0.40201197,-0.28991805,-0.3900221,-0.33997008
8.07,22,18,0.068067841,0.080147479,-0.349,-0.40840704,-0.40455076,-0.29202506,-0.38313289,-0.33757898
8.08,22,18,0.068067841,0.076392029,-0.474,-0.45945793,-0.40831211,-0.29514672,-0.37596751,-0.33555711
8.09,22,22,0.074874625,0.072771556,-0.585,-0.28928832,-0.4126501,-0.29874694,-0.36884009,-0.33379352
8.1,22,18,0.068067841,0.069267857,-0.495,-0.13613568,-0.41702299,-0.30237612,-0.3618569,-0.33211651
8.11,22,18,0.068067841,0.065873231,-0.426,-0.20420352,-0.4210202,-0.30569352,-0.35511408,-0.3304038
8.12,18,18,0.061261057,0.062574774,-0.436,-0.28928832,-0.42457159,-0.30864093,-0.34884649,-0.32874371
8.13,18,18,0.061261057,0.059340845,-0.45,-0.30630528,-0.42812643,-0.31159119,-0.34312156,-0.32735637
8.14,18,18,0.061261057,0.056139681,-0.387,-0.23823744,-0.43209981,-0.31488882,-0.33805397,-0.32647139
8.15,18,13,0.052752577,0.052957356,-0.381,-0.32332224,-0.43624674,-0.31833047,-0.33375129,-0.32604088
8.16,18,13,0.052752577,0.049779353,-0.443,-0.40840704,-0.44003767,-0.32147667,-0.33021908,-0.32584787
8.17,18,13,0.052752577,0.046569921,-0.438,-0.39139008,-0.44272875,-0.32371007,-0.32741858,-0.32556433
8.18,13,9,0.037437312,0.043307776,-0.406,-0.44244097,-0.44331035,-0.32419276,-0.32504107,-0.32461692
8.19,13,13,0.044244097,0.039983208,-0.404,-0.44244097,-0.44082872,-0.32213319,-0.32276231,-0.32244775
8.2,9,9,0.030630528,0.036598732,-0.402,-0.28928832,-0.43462818,-0.31698718,-0.31996784,-0.31847751
8.21,9,9,0.030630528,0.033146962,-0.404,-0.28928832,-0.42435448,-0.30846074,-0.31613691,-0.31229882
8.22,9,9,0.030630528,0.029629572,-0.384,-0.39139008,-0.40991825,-0.2964797,-0.31081544,-0.30364757
8.23,9,9,0.030630528,0.026091006,-0.366,-0.2552544,-0.39161207,-0.28128687,-0.3034304,-0.29235864
8.24,9,4,0.022122048,0.022614933,-0.37,-0.2552544,-0.36994832,-0.2633075,-0.29342419,-0.27836585
8.25,4,4,0.013613568,0.019287691,-0.389,-0.40840704,-0.34551557,-0.24303006,-0.28057607,-0.26180306
8.26,9,4,0.022122048,0.016151623,-0.388,-0.32332224,-0.31904254,-0.22105933,-0.26527036,-0.24316484
8.27,4,4,0.013613568,0.013236463,-0.437,-0.15315264,-0.2912588,-0.1980008,-0.24801563,-0.22300822
8.28,4,0,0.0068067841,0.010578246,-0.442,-0.28928832,-0.26275596,-0.17434547,-0.22921325,-0.20177936
8.29,4,4,0.013613568,0.0081995812,-0.428,-0.35735616,-0.23388023,-0.15038067,-0.2093361,-0.17985839
8.3,0,4,0.0068067841,0.0061101206,-0.214,-0.20420352,-0.20484897,-0.12628679,-0.18888175,-0.15758427
8.31,0,0,0,0.0043006918,-0.254,-0.20420352,-0.17599256,-0.10233802,-0.16836641,-0.13535222
8.32,-4,4,0,0.0027590182,-0.086,-0.27227136,-0.14778668,-0.078929151,-0.14817486,-0.113552
8.33,0,0,0,0.0014765622,-0.001,-0.13613568,-0.12063956,-0.056398977,-0.1285653,-0.092482137
8.34,0,0,0,0.00043973818,0.065,0,-0.094883753,-0.035023491,-0.1097785,-0.072400997
8.35,-4,0,-0.0068067841,-0.00035695336,0.095,0,-0.070882622,-0.01510426,-0.091929784,-0.053517022
8.36,0,0,0,-0.00091547602,0.07,0,-0.049046421,0.0030182323,-0.075101223,-0.036041495
8.37,0,0,0,-0.0012561047,0.128,0.068067841,-0.02976094,0.019023808,-0.059536807,-0.020256499
8.38,0,0,0,-0.0013996206,0.049,0.068067841,-0.013388361,0.032611883,-0.045419316,-0.0064037162
8.39,0,0,0,-0.0013879072,0.064,0,-0.00030456791,0.0434705,-0.033042416,0.0052140421
8.4,0,0,0,-0.001265566,-0.041,0,0.0091894704,0.051349876,-0.022591702,0.014379087
8.41,0,0,0,-0.0010651823,-0.048,0,0.014953583,0.05613368,-0.01405596,0.02103886
8.42,0,0,0,-0.00081238974,-0.116,0,0.017031225,0.057857974,-0.0073298747,0.02526405
8.43,0,0,0,-0.00054496287,-0.082,0,0.015651839,0.056713182,-0.0023904633,0.027161359
8.44,0,0,0,-0.00030587975,-0.049,0,0.011308141,0.053108222,0.00080718314,0.026957703
8.45,0,0,0,-0.00011347559,-0.027,0,0.0047648762,0.047677778,0.0025597769,0.025118777
8.46,0,0,0,1.8228997e-05,0.022,0,-0.0029845693,0.04124629,0.0031523707,0.02219933
8.47,0,0,0,8.1227066e-05,0.017,0,-0.010814759,0.034747789,0.0028817185,0.018814754
8.48,0,0,0,9.5013944e-05,-0.006,0,-0.017654819,0.029071027,0.0022042902,0.015637659
8.49,0,0,0,8.1815395e-05,-0.029,0,-0.02269159,0.024890865,0.0014553655,0.013173115
8.5,0,0,0,5.3960272e-05,-0.026,0,-0.025534883,0.022531135,0.00078545064,0.011658293
8.51,0,0,0,2.3839926e-05,-0.033,0,-0.026246656,0.021940414,0.00029551622,0.011117965
8.52,0,0,0,4.2958604e-06,-0.024,0,-0.025223873,0.022789251,4.6580873e-05,0.011417916
8.53,0,0,0,1.613278e-41,-0.023,0,-0.022993955,0.024639924,-3.6819845e-41,0.012319962
8.54,0,0,0,0,-0.029,0,-0.020224902,0.026938041,0,0.013469021
8.55,0,0,0,0,-0.027,0,-0.017501921,0.029197921,0,0.014598961
8.56,0,0,0,0,-0.011,0,-0.01523804,0.031076781,0,0.015538391
8.57,0,0,0,0,0.011,0,-0.013672405,0.032376147,0,0.016188074
8.58,0,0,0,0,-0.007,0,-0.012886333,0.033028531,0,0.016514266
8.59,0,0,0,0,-0.02,0,-0.012809873,0.033091987,0,0.016545994
8.6,0,0,0,0,-0.017,0,-0.013217874,0.032753375,0,0.016376688
8.61,0,0,0,0,-0.021,0,-0.013861713,0.032219035,0,0.016109517
8.62,0,0,0,0,-0.03,0,-0.014486626,0.031700402,0,0.015850201
8.63,0,0,0,0,0.012,0,-0.014923816,0.031337565,0,0.015668783
8.64,0,0,0,0,-0.008,0,-0.015134212,0.031162951,0,0.015581476
8.65,0,0,0,0,0.006,0,-0.015218019,0.031093397,0,0.015546699
8.66,0,0,0,0,0.01,0,-0.015289673,0.031033929,0,0.015516965
8.67,0,0,0,0,-0.026,0,-0.015456942,0.030895109,0,0.015447554
8.68,0,0,0,0,-0.044,0,-0.015776733,0.030629705,0,0.015314852
8.69,0,0,0,0,-0.032,0,-0.016197344,0.030280627,0,0.015140314
8.7,0,0,0,0,-0.037,0,-0.016617544,0.029931892,0,0.014965946
8.71,0,0,0,0,-0.021,0,-0.016977557,0.029633107,0,0.014816553
8.72,0,0,0,0,-0.011,0,-0.017235395,0.029419119,0,0.01470956
8.73,0,0,0,0,-0.007,0,-0.017350418,0.029323658,0,0.014661829
8.74,0,0,0,0,-0.013,0,-0.017318736,0.029349952,0,0.014674976
8.75,0,0,0,0,-0.011,0,-0.017151419,0.029488813,0,0.014744407
8.76,0,0,0,0,-0.025,0,-0.016868212,0.029723854,0,0.014861927
8.77,0,0,0,0,-0.021,0,-0.016501202,0.030028447,0,0.015014223
8.78,0,0,0,0,-0.014,0,-0.016076724,0.030380733,0,0.015190367
8.79,0,0,0,0,-0.024,0,-0.015589871,0.030784787,0,0.015392394
8.8,0,0,0,0,-0.017,0,-0.015009478,0.031266472,0,0.015633236
8.81,0,0,0,0,0.005,0,-0.014333424,0.031827548,0,0.015913774
8.82,0,0,0,0,0.006,0,-0.013611932,0.032426335,0,0.016213168
8.83,0,0,0,0,-0.03,0,-0.012941752,0.032982537,0,0.016491269
8.84,0,0,0,0,-0.011,0,-0.012458848,0.033383313,0,0.016691656
8.85,0,0,0,0,-0.006,0,-0.012286994,0.033525939,0,0.01676297
8.86,0,0,0,0,-0.037,0,-0.012454648,0.033386798,0,0.016693399
8.87,0,0,0,0,-0.005,0,-0.012921279,0.032999528,0,0.016499764
8.88,0,0,0,0,-0.001,0,-0.013570801,0.032460471,0,0.016230236
8.89,0,0,0,0,-0.014,0,-0.014300605,0.031854786,0,0.015927393
8.9,0,0,0,0,-0.032,0,-0.015132426,0.031164433,0,0.015582217
8.91,0,0,0,0,0.004,0,-0.016181184,0.030294039,0,0.01514702
8.92,0,0,0,0,-0.014,0,-0.017571676,0.02914003,0,0.014570015
8.93,0,0,0,0,-0.029,0,-0.019351221,0.027663134,0,0.013831567
